ID	Transcription
281474976719091	हमके एके छोट केला दऽ ।
281474976725986	ओकरा जाय दऽ ।
281474976726194	हमार बहीन हमार भरोसा ना कईलस ।
281474976719044	अगर पानी बर्सी तऽ हम चिकन बनाइब ।
281474976717602	हम चाहत बानि तू एगो अच्छा इन्सान बन ।
281474976723285	हो सकेला तऽ हम आईब ।
281474976718948	हम रोज मैदाने जाइला ।
281474976718125	बुन्नी पड़त हऽ ।
281474976716937	ऊ हंसत हंसत पागल हो गईल ।
281474976718102	हमान कहिंयो जा सकिला ।
281474976726088	तनिक चाय वाय लेलीं ।
281474976725894	उ आइल बइठल खइलस अउरी चल हगइल ।
281474976719102	टिटु खाना बनावत रहल ।
281474976718930	हम खाली भात खाइला ।
281474976726201	तू उनके रोज बच्चा दऽ ।
281474976726054	हम आज रात के शहर जाय के चाहतनि ।
281474976726205	केंवाड़ी खोलऽ खोलऽ ।
281474976718353	माई आया से बच्चा के खाना खेवइनी ।
281474976717123	भगवान तोहार भला करे ।
281474976716984	ऊ स्कूल गईल कांहे छोड़ दीहलस ।
281474976718363	पिता जी अपने लइकन बदे खिलौना खरिदनऽ ।
281474976723539	अपन खाना खईला की बाद ऊ सुते चल गईल ।
281474976723464	राधा ओके प्यार करेली ।
281474976723382	राधा ओतने अच्छा हंई जेतना कि रूबी ।
281474976723223	तोहके अब हीलेके ना चांही ।
281474976717380	हम चावल और सबजी खात बानी ।
281474976716975	हमार कपार दूखाता ।
281474976726237	मेज पर दू गो किताब बाटे ।
281474976717436	उ के हऽ ।
281474976716930	हर आदमी के दस रुपीया दऽ ।
281474976726304	हम कत्ही जा सकेनी ।
281474976718929	उ धड़ाम से गिर गयल ।
281474976717495	खइला के बाद सुतिहे ।
281474976717431	हमनि से बिना पुछले घुसिहे मत ।
281474976718754	किसान कुदाल उदार लेके खेते जालन ।
281474976725090	रमेश दौड़ऽ ।
281474976723199	ऊ दिल्ली अकेले जा सकेली ।
281474976717501	हम बस से जाइम ।
281474976717569	हम आज ना खेलनी ।
281474976717601	अब हम मैदान जात बानि ।
281474976723275	ओके खेले दऽ ।
281474976717570	अगर हम आपइती ।
281474976717294	हम रोजे मैदाने जाईला ।
281474976726111	का तू घर जइबऽ ।
281474976717428	हम दुनो एक दुसरा से मिलनि जा ।
281474976718976	नीचे लिखल उद्धारण का प्रारूप बतावऽ ।
281474976722094	जाईं रउआ के जाईं यहां से ।
281474976723394	हम दुनों जाना एक दूसरा से मिलली ।
281474976723447	सब लोगन पास ना भईलन ।
281474976719136	हम नइया से आइल हइ ।
281474976717034	राजू घर छोड़ दीहलस ।
281474976717404	उ रोजे उस्कुल जायला ।
281474976718174	हम दुनो एक दुसरे से मिलनि ।
281474976717196	हम बस से आईब ।
281474976725096	ऊ घर से बाहर गईली हऽ ।
281474976725793	उ जंगल मे बाटे ।
281474976723520	एईजा धूम्र पान कईल मना हऽ ।
281474976716940	हम भर दिन से चलत चलत थाक गईल बानी ।
281474976717015	हमार दादी मां बहुत सारा बिस्कुट दिहली ।
281474976717176	तू रोज चावल खालऽ ।
281474976719016	राधा के केतना पइसा मिलल ।
281474976726079	गांव के ई सबसे पुरान गाछ हटे ।
281474976725927	हम ओकरा के एगो किताब देतनी ।
281474976725908	हमरा कपार मे दरद बाटे ।
281474976717412	उ बिना कोइ के बतइले चल गइल ।
281474976718234	उ फुटबाल हर रोज खेलेला ।
281474976722091	कल उ लोग चोर के पकड़ लेल रहलन ।
281474976718249	कल सबेरे उ जंगल जात होइहऽ ।
281474976718914	का तू ओके देखले हउअऽ नाही ।
281474976718776	गांवे के ई सबसे पुराना पेड़ बा ।
281474976725995	उ घुटे घुटे पानी पी गइल ।
281474976717448	दफा होजो ।
281474976725828	हम इ ना कहनि कि उ खराब नइखे ।
281474976726279	ऊ वन में बाड़न ।
281474976723404	कलकत्ता में देश के सबसे अच्छा मिठाई मिलेला ।
281474976723511	ऊ घर में रहलन ।
281474976718088	तू अबहीं चावल खात हुअऽ ।
281474976717089	पतई पेड़ से नीचे गिरऽता ।
281474976726298	गांव में सबसे पुरान पेड़ हऽ ।
281474976718771	इहां बोटा हऽ ।
281474976725098	ऊ चल दिहले होईहन ।
281474976726478	हमरा आस पड़ोस में सब बहुत बढ़िया हऽ ।
281474976726282	केहू आपन बड़ाई ना करेला ।
281474976718333	हम कल दार्जलिंग जाईब ।
281474976723324	फुलवा सुंदर बा बा न ।
281474976718910	हमके एक दर्जन केला दऽ ।
281474976717207	हम रात के चावल खाईब ।
281474976726273	एईजा बहुत लोग बटोराईल बा ।
281474976716967	ओकरा के खेले द ।
281474976719115	हमने एकठे मेला मे जात हई ।
281474976718215	उ कमरा के साफ कइनऽ ।
281474976718852	ओके जाय दऽ ।
281474976718279	हम ओके किताब देत हईं ।
281474976726124	जा और देखऽ ।
281474976718120	उ ओके किताब देवेला ।
281474976725835	छत से हर हर पानी गिरत रहे ।
281474976726038	हम ओकर मूड़ी खच से काट देनी ।
281474976726330	ऊ काल्हु कलकत्ता जईहें ।
281474976725771	हमर दादी माई हमरा के ढेर खानी बिस्कुट देहलि ।
281474976722106	हमरआ से बिना पूछे परवेस मत करिहऽ ।
281474976723421	कृपा करके दरवाजा खोलीं ।
281474976725939	काल ए बेरा ले उ कलकत्ता पहुच चुकल होखिहन ।
281474976718806	उ शायद हि काल आवऽ ।
281474976726452	तू हमारा संगे वऽ तरऽ न ।
281474976725830	निमन बरखा होई तऽ निमन खेतियो होई ।
281474976726345	हमरा दोस्त के बहीन बेमार बीया ।
281474976723331	ओके बार-बार भूत लऊकल ।
281474976717612	उ रोजे स्कूल जायला ।
281474976718886	उ काल कलकत्ता जात हऽ ।
281474976717029	हमरा के जाएदऽ ।
281474976723381	हम ओके घर के बाहर ले जाईल चाहतनी सोमार के ।
281474976718036	उ हसत हसत पागल होगइल ।
281474976717083	कुछ लईका कक्षा में ना अईनऽ सऽ ।
281474976726018	हम रोजिना भात खानी ।
281474976719132	हम जाइबला जब माई आजाई ।
281474976718099	तू ओके किताब देत हउअ ।
281474976719051	का तू अपन काम ना कइले हउअ ।
281474976717023	का तू घरे जईबऽ ।
281474976718374	उ स्कूल जाय काहे छोर देयलस ।
281474976723225	तू अब्बे चावल खा तरऽ ।
281474976718080	पिछले हफ्ता उ दिल्ली जा चुकल रहनऽ ।
281474976726189	ई रोज बजार जालन ।
281474976725029	ईहां धूम्रपान कईल मना बा ।
281474976718282	उ चाय बनावत हईं ।
281474976717025	यदी अच्छा बारीश होई त अच्छा खेती होई ।
281474976718825	उ हमनि का मुखिया हयन ।
281474976723262	लईका स्कूले जा तरन ।
281474976719087	तू राती मे भात खइबऽ ।
281474976725122	डाकू ने घर के जला दिहलन सऽ ।
281474976726116	कुलयोग लिंग औरी इज्जत ला जोन शब्द के कहल जाला ओकर जांच करऽ ।
281474976723362	का हम तोहके काल बोला सकीला ।
281474976723415	हम ओके रोज किताब देलीं ।
281474976716929	कुक्कुरा लईका के रोआ दिहलस ।
281474976719066	मजूर के घर बनावे बदे पचास पथ्थर का जरुरत हऽ ।
281474976725091	हमके चावल ओवल दऽ ।
281474976725951	भाग जा इहां से ।
281474976723216	हम उंहा ना जा सकींला ।
281474976718105	ना हम नाही तू ए परसानी के हल कर सकिला जा ।
281474976717357	तू भाड़ मे जो ।
281474976723292	ऊ कलकत्ता से अईहन ।
281474976723515	कुक्कुरा लईकवा के रोवा दीहलस ।
281474976725964	महतो राधा से लम्हर बाटे ।
281474976725842	तोहार कौन घर हऽ ।
281474976726099	हम चाहतनि कि उ रोजिना खेत जाई ।
281474976718876	मेजी पे दस ठे किताब हऽ ।
281474976725942	राधा उतनाहि निमन हइ जेतना के रुबी ।
281474976717193	ऊ हमसे प्यार करेला ।
281474976725877	उ छेका तूर देहलस ।
281474976718965	उ सच नहि बोलत हौ हऽ नऽ ।
281474976718319	हम हर दिन चलत चलत थक गयल हई ।
281474976718182	राधा उतने अच्छा हईं जेतना कि रूबी ।
281474976723358	ऊ लोगन के रस्सी से बांध द ।
281474976725024	ऊ उछल उछल के अपने घर पहुंच गईल ।
281474976717593	काल ई समय तक उ कलकत्ता पहुंच चुकल होई ।
281474976718201	उ एगो अध्यापिका हइन ।
281474976726385	अगर बुनी पड़ी तऽ हम चिकन बनाईब ।
281474976718997	हम ओके भाइ के देखली ।
281474976725804	उ हमरा से प्रेम करेलि ।
281474976717470	कीवाड़ के सिकड़ी टूटल बा ।
281474976719019	उ उछरत उछरत अपने घरे पहुंच गइल ।
281474976725875	उ घरे से बाहर गइल बड़ी ।
281474976726221	तू बस नमर 65 से जा सकऽ तरऽ कसबा ।
281474976717310	उ सादी खातिर एगो लड़कि के देखलस ।
281474976718961	राजू घर छोर देलेस ।
281474976717494	हम ओकरा किताब देत बानी ।
281474976717173	तू सुबह चावल खईले रहलऽ ।
281474976726261	ऊ अबे स्कूल जा तरी ।
281474976723354	यदी बढ़िया बरखा होई तऽ बढ़िया खेती होई ।
281474976718209	उ हमके फोन कइनऽ ।
281474976726365	एईजा नशा पताई बंदा बा ।
281474976726078	उ घर बड़ बा ।
281474976717014	ऊ ओकरा के किताब देत रहे ।
281474976718173	उ एकठे अदमी के देखनी ।
281474976717546	कीवाड़ खुद्दे खुल गइल ।
281474976718284	उ अंग्रेजी बोलेनऽ ।
281474976718365	भूक से हमार अतरी ककुरा रहल हऽ ।
281474976718060	हम ओसे कांच तोड़ वइली ।
281474976718359	हमके पता ना हऽ ।
281474976716958	हम लईकी से कमरा साफ करे खाती बोलनी ।
281474976726443	हमके नईखे लागत की ऊ अईहंऽ ।
281474976726398	तू पढ़बऽ ना त फेल हो जईबऽ हो ।
281474976717138	उन लोगन के रस्सी से बांध दिहनी ।
281474976726001	भगवान तोहर भला करिहन ।
281474976726440	खराब दिन के भईला से हमनी के गांवे ना गईनी जा ।
281474976718829	उ घरवा मे होई ।
281474976726349	राधा अपना खाती एगो साड़ी खरीदले बाड़ी ।
281474976723295	राधा गांव में कहीं नईखी ।
281474976723401	भूख से हमार अंतड़ी करकुड़ा ता ।
281474976717200	हम ओकरा से कांच तोड़ौनी ।
281474976717321	रूबी सबसे तेज दावक हीयऽ ।
281474976718214	हमन एक्ठे मेला मे जात हइजा ।
281474976725912	उ गेंदा के मरलस ।
281474976723479	ऊ काल नगर गईलन ।
281474976718819	उ कपड़ा कऽ चरत रहलिन ।
281474976718932	उ देखलेस के ओनानू पथ्री से खेलत रहलन ।
281474976718907	हम अब ओसे नाही मिलिला ।
281474976726404	हरिश घर से चल गईलऽ ।
281474976717116	ऊ बहुत मधुरमय गावे ले ।
281474976716916	हम खुद के अपना शीशा में देखनी ।
281474976723284	ऊ बहुत मीठा गावेली ।
281474976717629	माई आया से बच्चा के खाना खिलवइलस ।
281474976718023	उ घर मे होई ।
281474976718110	हम कल स्कूल नऽ आइब ।
281474976716995	केहू के एईजा अंग्रेजी आवेला ।
281474976725138	राधा ने अभीये आपन घर तत्काले छोड़ दिहली ।
281474976717172	अब हमनी के खाएके बा ।
281474976726394	ऊ हमरा के फोन कईले रहलऽ ।
281474976717514	हर घरे एगो कुत्ता बा ।
281474976725834	के आपन बड़ाई करेला जे अपने बड़ाई करेला ।
281474976718037	साफ साफ कहिं त हमके चाय नहि पसंद हऽ ।
281474976717097	राधा गांव में कंही नईखे ।
281474976719024	उ फुट बाल रोज खेलाला ।
281474976723474	कानून आदेश दे कि शराब के मंदिर मस्जिद चर्च की लगे ना पिये के चाही ।
281474976717628	हम राधा हईं ।
281474976725113	हमरी आस पड़ोस में सब बहुत अच्छा बानऽ ।
281474976719020	उ छत्ते पे भाग गइल ।
281474976725017	के खुद के प्रशंसा करेला ।
281474976717051	राधा अपना खाती एगो साड़ी किनलस ।
281474976716901	एईजा बोटा बा ।
281474976718325	उ कल कलकत्ता जाई ।
281474976723530	कुक्कुर भौंकत रहलऽ हऽ सऽ ।
281474976717258	कृपया क के जा ।
281474976718048	उ रोज स्कूल जात रहल ।
281474976725966	किसान कुदाल उदाल लेके खेतवा मे जाला लोग ।
281474976718207	हम अब ओसे नाहि मिलि ।
281474976718968	हम अब बजार जात हई ।
281474976718331	कुल लइकिन मे उ सबसे सुग्गर हे ।
281474976716933	चिड़िया अब पेड़ प नईखे ।
281474976717414	राजा आपन घर काल छोड़लस या छोड़लन ।
281474976725983	ओकर नाम कृशना हटे ।
281474976718278	हम ओकरे भाई के देखली ।
281474976723185	ऊ हमके फोन कईले रहलन ।
281474976725094	जा करम ।
281474976723470	तोहके ए तरे ना बतावे के चांहि ।
281474976725766	फूल सुन्दर बाटे बा नू ।
281474976717136	ऊ शादी खाती एगो लईकी के देखलस ।
281474976725779	भूख से हमार अतड़ी केकुड़ियाइल रहे ।
281474976726149	हम एक मेला में जा तनी ।
281474976725977	हम अब मैदाने जातनि ।
281474976722069	ऊ हमरा से प्यार करेली ।
281474976726063	उ एगो मास्टरनि हई ।
281474976717061	हम लईकी से कमरा साफ करौनी ।
281474976725798	तू अपने से भात बनइलऽ हऽ ।
281474976716952	ऊ चावल खाई ।
281474976717115	तू काल ओके किताब दे दीहऽ ।
281474976718013	हमके एकठे छोटहन केला दऽ ।
281474976717112	राधा मिजोरम में रहे ले ।
281474976725993	हम गा सकऽ तनि ।
281474976719060	अगर तू नऽ पढ़ बऽ तऽ फेल होजइबऽ ।
281474976725852	उ रोजे स्कूल जाला ।
281474976717227	राधा नचलस गौलस और मेहमानों क मनोरंजन कईलस ।
281474976719126	राजा अपने मेहरारू के फूल देलस ।
281474976723247	ऊ काल राती खाने चावल खाई ।
281474976718148	हम आज नहि खेल्ली ।
281474976726188	ई सही रही हमरा खातिर ।
281474976717224	तू रात में चावल खईबऽ ।
281474976725056	लईका सूत गईल हऽ ।
281474976726283	का हम तोहके काल्हु बोला सकेनी ।
281474976716997	का तू ओके देखलऽ हऽ नाही ।
281474976717555	इ लम्बा पेड़ बा ।
281474976723348	ऊ 2 दिन पहीले बक्सा खोलले रहलन ।
281474976718830	कुल लइकि पढ़ऽ अइल हिन ।
281474976718901	बाउ अपने लइकन के लिये खिलौना खरिदलन ।
281474976718364	उ लोग आपन आपन गांव चल गइनऽ ।
281474976717481	ओकरा खेले दऽ ।
281474976726234	चिड़िया अब पेड़ पर नईखी सऽ ।
281474976726326	तू काल्हु कलकत्ता जईबऽ ।
281474976718219	राधा गांव मे कहि नहि हइ ।
281474976726177	हमके सब देखले बा ।
281474976726482	कलकत्ता में देश के सबसे बढ़िया मिठाई मिलेला ।
281474976725030	ऊ उनके किताब देत हऊअन ।
281474976723503	ऊ तनी देर पहीले ही चावल कईलंऽ हऽ ।
281474976726106	उ काल शहर गइल रहे ।
281474976725911	ओकर बिमारी के बारे मे कुछु कहल नइखे जासकत ।
281474976726432	हम अपना के निमन लागे नहीं अपना के निमन लागे ।
281474976717397	प्रवेश मत करीं ।
281474976718238	इहां धूम्र पान निसेध हऽ ।
281474976725855	उ राधा हियऽ जे खाई ।
281474976718748	हम जानत हइ कि काल छुट्टी हऽ ।
281474976726292	ऊ घरवे में रहुअन ।
281474976725043	हम लईकी के कामवाली से कमरा साफ करे के कहनी ।
281474976723478	राधा सुतल बाड़ी ।
281474976723205	अगर तू पढ़ाई ना करबऽ त फेल हो जइवऽ ।
281474976718352	दफा होजा ।
281474976726114	हमर गुट मे तू सबसे निमन आदमी बड़ऽ ।
281474976726020	हम ओकरा के एगो बच्चा देतनि ।
281474976726369	हमन के दुनों जना भेंट कईनी जा ।
281474976718025	हम लोगन के बिजलि के तार का जरुरत हऽ ।
281474976717220	ऊ घर में होई ।
281474976717497	उ बोल्लस के औरत जमीन पर सुतल बिया ।
281474976717163	ऊ छत पर भाग गईल ।
281474976717558	उ एइजा नइखन ।
281474976725878	हमनि के अब बजारे जा तनि सन ।
281474976718059	हम ओके बच्चा देत हउअऽ ।
281474976719097	उन्हाने अंग्रेजी बोल लेवेलन ।
281474976723191	ई पटरा मोट बा ।
281474976717211	ऊ मर गईल ।
281474976723202	का तू हमराके ना जाने लऽ ।
281474976718265	खाय के बाद सुतिहऽ ।
281474976718076	का ई सही रही तोहरे बदे ।
281474976719088	हम राधा हयीं ।
281474976717393	अगर अच्छा बूनी होइ तऽ अच्छा खेती होई ।
281474976717446	मधू आपन बहिन से जादा सुन्दर बिया ।
281474976726049	बचवन सब कुर्सी तुरले हवऽ सन ।
281474976726412	राधा मुझसे प्यार करेले ।
281474976717139	हम कब्बो शराब ना पिहींला ।
281474976725925	तू अब ना आसकेलऽ ।
281474976717179	संख्या लींग और समान्य सूचक क जांच करऽ जा ।
281474976719000	हमने दुनु जने एक दुसरे से मिल्ली ।
281474976717259	रूबी राधा से लंबा बीया ।
281474976726021	उ हाथी मारे के परयास कइलन ।
281474976726331	ऊ कपड़ा फीचऽ तऽरी ।
281474976716986	राधा अब्बे अब्बे घर छोड़ दीहलस ।
281474976726481	राधा चावल धीरे खईली ।
281474976726070	हमर परिवार के लगे मुर्गा औरी मुर्गी बाटे ।
281474976718118	उ रोज बजार जायनऽ ।
281474976726102	राधा के कारण उ मर गइल ।
281474976726062	उ ओकरा के एगो बच्चा दे रहल बा ।
281474976726243	अगर हम आ पईती ।
281474976723536	हम अब मैंदाने जा तनी ।
281474976718350	तू रोज चावल खायला ।
281474976717121	ऊ लोग अपन काम खतम ना कईलस ।
281474976717201	ऊ सूत गईल रहे ।
281474976723525	ऊ हाथी के मारे के कोशिश कईलन ।
281474976716996	चल जो ।
281474976718305	कोई खुद का तारीफ नहि करत ।
281474976723237	कृपा करके जा ।
281474976717531	उ काल नगर गइल रहे ।
281474976725066	ऊ चल दिहनऽ होते ।
281474976718040	ओके खेले दा ।
281474976725761	राधा के केतना पईसा मिलल ।
281474976723487	हमार कपार दुखाता ।
281474976723258	लोग ईंहा बटुराईल बाड़न ।
281474976717146	हम ओईजा ना जा सकत रहनी ।
281474976722108	राधा भात धीरे खइली हऽ ।
281474976726285	मधु अपनी लईकन से बहुत प्यार करेली ।
281474976717458	हमनि के जाय दऽ ।
281474976725900	तू ओकरा के किताब देतरऽ ।
281474976718814	हम सवेरे भात खइले रहलि ।
281474976718267	हारीश घर छोर देहलन ।
281474976717459	उ ओकरा किताब देत रहे ।
281474976716994	ऊ रोज बजारे जाले ।
281474976723413	हम ओके एगो लईका दे तनी ।
281474976725110	गांव के ई सबसे पुराना पेड़ हऽ ।
281474976717160	और राजा के लागल की ऊ एक दूसरा से लड़ऽ तनऽ स ।
281474976723405	हम और हमार भाई संगे खेलब ।
281474976723375	आज बरखा होई ।
281474976726011	हमनि के पथ्थर से घर बनइनि हऽ सन ।
281474976716966	बुझाता की काल ऊ सबेरे आई ।
281474976717040	ऊ लोग हमसे प्यार करेला ।
281474976725755	हम आज नइखे खेलऽ ले ।
281474976726389	फेंड़ पर बानर बा ।
281474976723481	जा अऊरी कुछ पाकल फल लेले आवऽ ।
281474976726004	उ लोग रोजिना बाजार जाला लोग ।
281474976717383	रूबी राधा से लम्बा बिया ।
281474976718867	हमके तनि सा चाक्लेट दऽ ।
281474976725905	इन्हा धूआं उड़इला मना बाटे ।
281474976726122	उ ओकरा के एगो बच्चा देत रहे ।
281474976717090	हम चाहऽ तनी की ऊ रोज खेते जाए ।
281474976726329	का तू आपन काम नईखऽ कईले ।
281474976718180	राधा ओसे प्यार करेले ।
281474976725906	जा अउरी देखऽ ।
281474976718765	सुरज पुरुब से उगेला ।
281474976718994	सब लोग परिक्शा मे पास नाही भेयल ।
281474976717367	इ पटरा मोटा बा ।
281474976717016	तू खुद से चावल बनौलऽ ।
281474976717335	टैन्क मे पानी नइखे ।
281474976726459	हम एईजा तोहरा के देखे आईल रहनी ।
281474976725931	हम खाली भाते खानि ।
281474976718183	उ रोज स्कूल जायला ।
281474976723367	ऊ काल कलकत्ता जईहन ।
281474976725936	हमार बहिन हमरा पे भरोसा ना कइलि ।
281474976717131	रूबी सबसे तेज दऊरे ले ।
281474976718794	छत्ती पर से हर हरा के पानी गिरत हऽ ।
281474976725994	हम लड़कियन कक्शा मे आइल बड़ि लोग ।
281474976725020	राधा ओकरा से प्यार करेली ।
281474976716951	हम खुद के पसंद करीं ला ।
281474976717490	हम एहिजा तोहरा देखे आइल रहीं ।
281474976719034	तू ओके काल किताब देदेबऽ ।
281474976726061	अगर तू पढ़ाई नऽ करबऽ तऽ फेल होजइबऽ ।
281474976726016	हम कल खाना ना खइनि ।
281474976718135	ई गाढ़ा लाल हऽ ।
281474976725036	टीटू खाना बनावत रहलन ।
281474976718877	के के आपन खुद के बढ़ाई करऽला जे खुद के बढ़ाई करऽला ।
281474976725108	हम गा सकऽ तनी ।
281474976718185	हमहन रोज स्कूल जाइला ।
281474976725817	ऊ कलकत्ता से आई ।
281474976718042	निचे देवल उदाहरण का प्रारूप बतलावा ।
281474976723509	भाग जा ।
281474976723326	ई पटरा मोटा बाटे ।
281474976717438	उ चावल खाई ।
281474976723410	राधा और राजा एक दूसरा के देखलन ।
281474976719017	माई नौकरानी से राधा के खाना खिलवइलिन ।
281474976723501	तू हमरा संगे आवऽ तरऽ ह न ।
281474976718021	के आपन तारीफ करेला जे आपन तारीफ करेला ।
281474976726144	ऊ के ह ।
281474976725112	ऊ कालहू कलकत्ता जइहें ।
281474976723387	तू अपने चावल बनौलू ।
281474976726490	राधा हमके गोड़ से मरली औरु भाग गईली ।
281474976717110	कूल लईकीन में सबसे सुंदर ऊ बीया ।
281474976717561	राधा नचलस गइलस अउर मेहमान के मनोरंजन कइलस ।
281474976722107	हम खुद के आइना मे देखनि ।
281474976718317	हम उहां नाही जा सकत रहलि ।
281474976723369	हम लईकीया के काम करे वाली से कमरा साफ करवावे के कहली ।
281474976726437	हम उनके एगो किताब दे तनी ।
281474976717463	सूरज पुरूब मे उगेला ।
281474976723314	ऊ के हऽ ।
281474976717060	ऊ रोज बजार जानऽ सऽ ।
281474976717512	उ ओकरा एगो बच्चा देत बा ।
281474976716964	राधा और राजा एक दूसरा के देखनऽ स ।
281474976717322	हम रविवार के कोलकत्ता जाइम ।
281474976726150	ऊ सगाई तोड़ दिहलास ।
281474976717195	ऊ अब घर पर होई ।
281474976723434	आसपास और दूरदराज से सब लोगन सभा खातिर पहुंचलन ।
281474976723239	ऊ चल देतन ।
281474976726081	उ रोजिना बिद्यालय जात रहे ।
281474976718252	जहां तहां किताब कुल बिखरल पड़ल हऽ ।
281474976718851	हमके आम निक लगला ।
281474976726451	केवाड़ी के सिकड़ी टूटल बा ।
281474976726059	उ हसत हसत पगला गइलि ।
281474976726386	ऊ दुपहरिया में गईहन ।
281474976718346	तू सुबेरे चावल खइले रहलऽ ।
281474976718077	हम चाहिला कि तू एक बढ़िया इन्सान बनऽ ।
281474976717101	ई बांस क रस्सी ह ।
281474976726022	राजू घर छोर देले बाटे ।
281474976717331	उ फुटबाल रोजे खेले ला ।
281474976716920	घूंसऽ मत ।
281474976717296	सखंया लिंग और सम्मान सूचक के जांच करऽ ।
281474976725076	हम सिर्फ व सिर्फ चावल खाईला ।
281474976725097	खईला के बाद सुतऽ ।
281474976726274	हमके चाऊर ओऊर दऽ ।
281474976717557	अब हमनि के खाए के होई ।
281474976717595	हम गिर गइनि जब एगो कार हमरा के टक्कर मरलस ।
281474976725954	हम नांव से आइल बानी ।
281474976726110	हम खाली भात खानि ।
281474976723355	अगर कल ऊ आईल रहित तऽ हमनी के त्यौहार मना सकत रहनी हंऽ जा ।
281474976726338	हम ई ना कहनी हंऽ की ऊ खराब ना हऊअन ।
281474976717483	टिटो कइसे गिरल ।
281474976723318	ऊ ओके एगो लईका देत रहलन ।
281474976723455	ऊ ओके किताब देई ।
281474976717365	हम इ नइखे कहले कि उ खराब नइखे ।
281474976723308	ऊ कपड़ा धुलत रहली ।
281474976717234	ऊ कौन बा ।
281474976718757	रूबी सबसे तेज दौड़ेलिन ।
281474976722100	सूतल बड़न ।
281474976725916	सब के उ लगे नइखे ।
281474976716981	केवल खुद क प्रसंसा करेला ।
281474976718849	उ धीरे चलऽ ला ।
281474976717145	राधा की वजह से ऊ मर गईल ।
281474976717635	उ काल कलकत्ता जात बिया ।
281474976725022	रुबी राधा से लंबा बानी ।
281474976726007	दाई बच्चा के खाना खिलौलि ।
281474976723385	हमके भूख लागल बा ।
281474976717178	हम राधा हंई ।
281474976717530	उ सुतत बा ।
281474976718097	हम ओके एकठ किताब देतय हई ।
281474976725045	जहां तहां किताब भीखरल परल बा ।
281474976722101	उ दिल्ली अकेली जा सकेलि ।
281474976723192	हम लइकिया से कमरा साफ करवा देले हईं ।
281474976723303	तू काल ओके किताब दे देबऽ ।
281474976725119	हम चाहऽ तनी कि तू एगो अच्छा इंसान बनऽ ।
281474976717498	हमनी के खुद के आईना मे देखनी जा ।
281474976725802	हम चाहतनि के तू एगो निमन इन्सान बनऽ ।
281474976726253	ई बास के रसरी हऽ ।
281474976718224	जा अउर देखऽ ।
281474976718083	हम नईया से आल हई ।
281474976726121	बरखा बरसत रहे एहि कारण हम खेत ना जा पइनी ।
281474976718798	चल जा ईहां से ।
281474976718856	भारत के सबसे लम्बी नदी गंगा हऽ ।
281474976718958	ओकर नाम किसना हऽ ।
281474976718147	हम इस्कूल नाही जाइब ।
281474976726391	ऊ गावे ना पईहन ।
281474976717063	कुर्सी लईकन की द्वारा तूरल गईल ।
281474976718998	उ मर गेय्ल ।
281474976718753	तू शहर जाये बदे पैंसठ नम्बर के बस ले सकल हऽ ।
281474976726278	ऊ खोंखी खोंखी के मर गईलन ।
281474976718075	ई पटरा मोट हऽ ।
281474976719085	तू के के पसंद करेले ।
281474976723439	ऊ बजारे गईल बाड़न ।
281474976726430	हम आज राती खाना शहर जाईल चाहऽ तनी ।
281474976718747	संखया लिंग अउर सम्मान सुचक क जांच करऽ ।
281474976725998	उ अब घरे होखी ।
281474976717456	हमनि के कहूं जा सकिनी जा ।
281474976718287	राधा हमके गोड़े से मरनी अउर भाग गइनी ।
281474976723485	ऊ काल से कुछहु नईखन खईले ।
281474976725813	तू काल सहर गइल रहलऽ ।
281474976726254	ई लमहर पेड़ हऽ ।
281474976717134	भूख से हमार अतड़ी ककूराता ।
281474976726135	ई खाना खा लिहलन ।
281474976718936	हम ओके रोज किताब देइला ।
281474976718170	कृप्या जाय दऽ ।
281474976718193	तोहके अइसे नाहि बतावल चाही ।
281474976719042	उ सुतत हऽ ।
281474976718202	हमके कोई नहि देखलस ।
281474976725886	तू बस नमर पैसठ पकड़ लिहऽ गांव जाय ला ।
281474976723510	हम काल ओके लईका देब ।
281474976723257	हम ई ना कहलि हऽ कि ऊ खराब नईखे ।
281474976723208	हमके एक दर्जन केला दे दऽ ।
281474976726216	तोहार का नाव हऽ ।
281474976718194	हर घरे एखे कुत्ता हऽ ।
281474976726033	हम ओकरा काल बच्चा देम ।
281474976717339	उ हमनि के समप्रदाय के मुखिया हऽ ।
281474976717349	काल उ चोर के धर लेले रहन ।
281474976726242	ऊ उनके किताब दिहन ।
281474976717180	जा हो पाकल हुआ कुछ फल ले आवऽ ।
281474976725999	तू केकरा के पसंद करेलऽ ।
281474976718190	हमहन खुद के आइना मे देखली ।
281474976718225	उ हाथी मारे के कोसिस कइनऽ ।
281474976726377	रूबी सबसे तेज दौड़े ली ।
281474976723426	हम खुद के शीशा में देखली ।
281474976719104	उन्हाने चल देले होतन ।
281474976723432	बरखा होत रहल ह एही मारे हम खेत में ना जा सकली ।
281474976725861	उ हमनि के जाती के मुखिया हटे ।
281474976726272	महतो पंवरे गईल बाड़न ।
281474976716910	हम सिर्फ चावल खाईं ला ।
281474976717337	उ दिल्ली अकेले जा सकेले ।
281474976718986	कुछ लइकन कक्शा मे ना अइलन ।
281474976726446	मां के हमरा के आशीर्वाद दिहनी ।
281474976725807	उ थोरका देर पहिले भात खइलस हऽ ।
281474976725941	हरीश घर छोर देहलस ।
281474976718960	उ रोज बजारे जाला ।
281474976718790	ओकर बिमारी भिदिर कुछ नहि करल जा सकला ।
281474976726156	तोहार घर कहां हऽ ।
281474976723440	ऊ अभीये स्कूले जा तरी ।
281474976725879	हम ओकरा से सिसा तुड़वइनी ।
281474976718213	का तू हमके नाही जाने लऽ ।
281474976718160	तू कल सेहर गयऽ रहला ।
281474976717243	ऊ बिना केहु के बतौलस चल गईल ।
281474976723253	हमके सर दर्द होता ।
281474976717376	उ काल नगर गइल ।
281474976723469	हम चाहऽ तनी कि ऊ रोज खेते जाए ।
281474976718751	उ लोग अपने अपने गांवे चल गइलन ।
281474976718918	टिटो राधा के सुतइलन ।
281474976718954	घरे घरे जा हमने जलावन जुटइली ।
281474976716970	हम नाव से अईनी हऽ ।
281474976723460	हो सकेला त ऊ काल सुबेरे जल्दी आंवे ।
281474976717174	ऊ कमरा के साफ कईलस ।
281474976726442	तोहके ऐसे ना बतावे के चांही ।
281474976719103	चिड़यी अब पेड़े पर ना हऽ ।
281474976726107	हम ओकर भाइ के देखनि ।
281474976726240	हमनी में सब जाना से बढ़िया तू ही आदमी बाड़ऽ ।
281474976717345	जने तने किताब छितराईल बा ।
281474976718240	का हम तोहके कल बुला सकिला ।
281474976718020	मजदूर के घर बनाये बदे पचास पथ्थल के जरुरत हऽ ।
281474976718866	हम पढ़ऽ नऽ जाईब ।
281474976718014	मधु अपने बहिन से जादा सुघ्घर हयिन ।
281474976718246	राधा नचनी गयनी अउर मेहमानन कऽ मनोरंजन कयनी ।
281474976717591	हमरा के आम अच्छा लागेला ।
281474976718091	हम सुबेरे चावल खइले रहलि ।
281474976726167	जल्दी जा ।
281474976719011	टिटो का माई टिटो से रधवा के सुतवइलिन ।
281474976717449	कुकुर बच्चा के रुला देलस ।
281474976717626	हमार बहिन भी हमार बिस्वास ना कइलस ।
281474976725962	राधा रमेश के संगे शहर गइलि ।
281474976717621	हमरा नइखे लगत उ आई ।
281474976717620	हमरा के तनि चाकलेट दऽ ।
281474976723537	ऊ ओके किताब देत रहलऽ ।
281474976718762	जहां नहि तहां किताब फैलल हऽ ।
281474976717105	आस पास और दूर दराज क सभी लोग सभा में पंहुचल ।
281474976718211	कुल लइकी कक्शा मे आइल हइन ।
281474976725829	उ सादी ला एगो लड़कि के देखलस हऽ ।
281474976717373	राधा रमेश सगें शहर गइल ।
281474976717120	ऊ खांस खांस के मर गईल ।
281474976726056	हम अपना के ऐनक मे देखनि ।
281474976726117	बिन्ति बा केवाड़ी खोलल जाओ ।
281474976717632	चल जाईं ।
281474976718859	काल सबेरे दस बजे उ इहां होई ।
281474976726477	ऊ रोज स्कूले जालन ।
281474976725074	लागऽता ऊ ना अईहन ।
281474976718294	राधा हमेश के साथे सहर गइनी ।
281474976718370	महतो तैरे चल गयल ।
281474976718897	इ बासे का रस्ती हऽ ।
281474976726467	हम लईकी के काम वाली से कमरा साफ करवाए के कहनी ।
281474976726276	तनी चाय ओए ली ।
281474976719133	हम ओके एक किताब देत हइ ।
281474976718837	उ गा नहि सकऽलऽ ।
281474976717475	हमरा सर दर्द बा ।
281474976726211	ऊ पत्थल तूड़ दिहलन ।
281474976726383	हमार दादी माई हमके ढेर बिस्कुट दिहली ।
281474976718933	हमके भात वात दऽ ।
281474976717169	घर घर जा के हमनी क जरावन इकट्ठा कईनी जा ।
281474976718369	मरन परिवार के पास मुर्गा और मुर्गी हऽ ।
281474976725079	तू भाड़ में जा हम का करी ।
281474976718999	उ रोज बजारे जालन ।
281474976723419	तू केके पसंद करेलऽ ।
281474976718162	उ सादी बदे एठऽ लइकी देखनऽ ।
281474976726258	ऊहन लोग आपन काम नईखन लोग खत्म कईले ।
281474976725790	उ ओकरा के किताब देत रहे ।
281474976725048	मत खोलिये आवाज आएगा ।
281474976716944	हमरा लगे पइसा नईखे ।
281474976726067	किरपा करके जाईं ।
281474976718848	जा अउर देखा ।
281474976723289	ऊ काल ले अपन काम खत्म कऽ लेले होईंहन ।
281474976717538	आपन खाना खइला के बाद उ सुते चल गइल ।
281474976725772	तू हो भात खातरऽ ।
281474976718870	कुर्सी लेइकन से तोड़ल गेल हऽ ।
281474976723450	दाई लईका के खाना खीऔली ।
281474976717230	तू ओकरा के किताब दे तड़ऽ ।
281474976716935	दरवाजा क सीकड़ीया टूटल बा ।
281474976726460	ऊ सुत गईल बाड़ी ।
281474976718977	हम रोज भात खाइला ।
281474976726487	अच्छा जाईं ।
281474976718223	राजू घर छोर देहलन ।
281474976725055	टूटल बा दरवाजा के सिकड़ी टूटल बा ।
281474976723466	अब हमके खाए के होई ।
281474976717417	हम आज राती के शहर जाइल चाहत बानि ।
281474976717199	टीटू खाना बनावत रहे ।
281474976725050	थोड़ा चाय वाय पी ले पी लेईं ।
281474976723471	राधा की चलते ऊ मर गईल ।
281474976718188	हम कब्बो सराब नहि लेइब ।
281474976726488	हम उनके एगो बच्चा दे तनी ।
281474976718250	तू ओके रोज किताब देवेला ।
281474976718184	टैंक मे पानी नाहि हऽ ।
281474976718242	गांव के इ सबसे पुरान पेड़ हऽ ।
281474976717537	कृप्या जाईं ।
281474976717147	कृपया दरवाजा खोलऽ ।
281474976723409	कूल लईकियन में ऊ सबसे सुंदर बाड़ी ।
281474976726470	राजीव टोटो सबसे लंमहर बाड़न ।
281474976725903	उ काल सहर गइलस ।
281474976717536	अगर बूनी होइ त हम चिकेन बनाइम ।
281474976726155	टीटू की मां टीटू से राधा के सुतौली ।
281474976722068	उ रोज बजार जायलन ।
281474976726104	हम अभिन तक ले खाना नइखि खइले ।
281474976725126	हम प्रतिदिन चलत चलत थक गईल बानी ।
281474976717454	हम जात रहीं ।
281474976726065	हम तेजी से भागनि ।
281474976718298	अगर कल उ आन होत तऽ हमहन त्योहार मना सकत रहली ।
281474976723219	जहां तहां किताब बिखरल बा ।
281474976718034	भारत मे सबसे लम्हर नद्दि गंगा हऽ ।
281474976722083	माई आया से बच्चवा के खाना खिलवइलि हऽ ।
281474976717125	जा ऊ देखऽ ।
281474976726077	कुत्ता बच्चा के रोआ देलस ।
281474976723454	हमार माई धीरे-धीरे खाना खाली ।
281474976726199	सगरी लईकी कक्षा में बाड़ी सऽ ।
281474976722097	उ लोग अपना बारे मे हमरा बइलन ।
281474976726423	हमरा लगे पैसा नईखे ।
281474976725872	हम बस से आएम ।
281474976726257	हम रोज भात खा तनी ।
281474976717528	हम स्कूल ना जाइम ।
281474976717087	हम अब्बे ले नईखी खईले ।
281474976717080	का हम तोहके काल बोला सकींना ।
281474976718233	उ घोट घोट पानी पी गइनऽ ।
281474976723346	हम ना खईले रहलीं ।
281474976725100	हम राधा हंवी ।
281474976717255	हम रविवार के कलकत्ता जाईब ।
281474976718085	उ अब्बे स्कूल जात हे ।
281474976717098	ऊ ओकरा के किताब दी ।
281474976718834	हमके नाही पता हऽ ।
281474976725061	ऊ लोग में हमके अपनी बारे में बतौलन ।
281474976716948	अगर हम आ पौंती ।
281474976718121	उ स्कूल जात हवन ।
281474976718132	उ बिना कोई के बतइले चल गइलन ।
281474976716925	ई लमहर पेड़ बा ।
281474976716936	तू कल सहर गईल रहले ।
281474976717368	इ गाढ़ा लाल हऽ ।
281474976725131	का तू हमके नईखऽ जानत हो ।
281474976725086	तू अब ना जा सकेलऽ ।
281474976718348	उ घर मे रहल ।
281474976718212	राधा ओतने अच्छा हइन जेतना कि रूबी ।
281474976716992	हमरी लगे पइसा ना रहित त हम जईती ।
281474976718178	टेबल पर दू किताब हऽ ।
281474976723234	माई अपना लईका के आया से खाना खीलवईली ।
281474976726023	सब लोग परिक्शा पास नइखि कइले ।
281474976718944	होसकतऽ काल सवेरे उ जल्दी आवऽ ।
281474976725822	हमरा इ काम करे दऽ ।
281474976718942	उ बियाहे बदे एक लइकी के देखलेस ।
281474976716991	हम सुबह चावल खईले रहली ।
281474976725950	उ रोजि ना फुटबाल खेलेला ।
281474976725046	देईब हम ओके काल बच्चा देईब ।
281474976718831	ना हम नाही तू इ परेसानी के हल कर सकेला ।
281474976726311	ऊ नीचे गिर गईल बाड़ऽ ।
281474976725764	हम एगो मेला मे जातनि ।
281474976725838	हमरा भात वात दऽ ।
281474976725806	हमरा तनि चाकलेट दऽ ।
281474976723209	हमके लागऽता उ ना आई ।
281474976719082	हम ई नाही कहली कि उ खराब ना हयन ।
281474976718955	हम अपने के शीशा मे देखली ।
281474976717081	ऊ सगाई तूर दीहलस ।
281474976717361	उ घर बड़ा बा ।
281474976717133	हम ओके काल किताब देईब ।
281474976717006	शायद आज मंत्री जी ना अईंहन ।
281474976725888	हमर बहिन बिद्यालय मे पढ़ेलि ।
281474976726096	राजीव टोटो सभीन से लम्हर बाड़े ।
281474976717298	हमरा परिवारे भिजुन मुर्गा अउर मुर्गी बा ।
281474976717017	हमके पता नईखे ।
281474976717508	का तू ओकरा देखले बाड़े नऽ ।
281474976717496	राधा सीता से बोल्लस के राखी खुत के पसंत करेले ।
281474976717597	उ दूध उध खरदि ।
281474976718810	मधु अपने लइकन से बहुत प्यार करेलिन ।
281474976718939	मत जा ।
281474976725812	चिरइया अब पेड़ पे नइखे ।
281474976723259	ऊ चावल खईहन ।
281474976725917	उ काल आगइल रहित नू तऽ हमनि के त्योहार मना सकत रहनि हऽ ।
281474976725129	हम गिर गईनी जब एगो कार हमरा के टक्कर मरलस ।
281474976717540	हम कबो सराब ना लेविला ।
281474976717416	उ घर केकर हऽ ।
281474976726168	मोहता राधा से बड़ बाड़न ।
281474976718153	डकैत कुल घर के जला देहनऽ ।
281474976718084	कुछ लइका कक्छा मे नहि अइनऽ ।
281474976717572	हम औकरा एगो बच्चा देत बानि ।
281474976718822	तोहार नाम का बा ।
281474976718033	उ बहुते मीठ गावे ले ।
281474976718749	उ लोग अपने बारे मे हमके बतइलन ।
281474976723402	हम चाऊर और तरकारी खात हंई ।
281474976717581	उ घर से बाहर गइल बिया ।
281474976717622	उ दू दिन पहिले बाक्स खोल्ले रहे ।
281474976718840	उ ओके किताब देत रहल ।
281474976725844	उ देखलस कि उ लोग पत्थर से खेलत रहे लोग ।
281474976717554	हमरा केहू ना देखलस ।
281474976725915	उ दूध उध खरिदी ।
281474976726399	हम अब उनकरा से ना मिलेली ।
281474976717118	ऊ कपड़ा धोवत रहे ।
281474976726091	के के बोन मे जाई ।
281474976725814	रूबी सब केनहु से तेज भागे वाला हियऽ ।
281474976725937	तोहरा के एतना ना बतावे के चाहीं ।
281474976725867	माय अपन बच्चा के दाई से खाना खिलौलि ।
281474976723173	हो सकेला त आज मंत्री जी ना अईंहन ।
281474976717249	लईका स्कूले जा ता ।
281474976718130	तू कल कलकत्ता जइबऽ ।
281474976717143	ऊ गा ना सकेला ।
281474976723177	ऊ अंग्रेजी बोलेलन ।
281474976718129	हम राधा हइ ।
281474976726414	हम नाई से आईल बानी ।
281474976725133	ई पटरवा मोटा बा ।
281474976719029	तू ओके किताब देत हउअऽ ।
281474976717624	हमनि के एगो मेला मे जात बानि जा ।
281474976716943	ऊ राधा बीया जौन खाई ।
281474976718956	लइकन के डंडा से नऽ मारऽ ।
281474976722081	हमरा माथा दरद बा ।
281474976718992	उ घरे से भहरे गइल हिन ।
281474976722076	हमनि के रोज सकूल जाइला ।
281474976718144	उ लोग अपने बारे मे हमके बतइनऽ ।
281474976718951	उ रधवऽ हऽ जे खाई ।
281474976718081	हमके लगेला उ ना आई ।
281474976719045	राधा मिजोरम मे रहऽलिन ।
281474976716909	ऊ घर बड़ बा ।
281474976717522	निचे दिहल उदाहरण के प्रारूप बताउ ।
281474976717330	तू ओकरा किताब देत बाड़े ।
281474976716932	ऊ देखलस की ऊ लोग पत्थर से खेलत रहे ।
281474976717517	चाय के पियल जाय ।
281474976717218	ऊ घर केकर हऽ ।
281474976726173	हमार बहन स्कूल में बड़ी ।
281474976718217	हमन पथ्थर से घर बनइले हई जा ।
281474976726368	हम उनके रोज किताब देनी ।
281474976718885	हम अतवार के कलकत्ता जाइब ।
281474976726029	उ लोग काल दिल्ली जाई लोग ।
281474976725117	ऊ अब घर पर होईहन ।
281474976717451	तोरा के अब हिले के ना चाहि ।
281474976725101	तू उनके बच्चा देत रहलु हऽ ।
281474976718891	केवाड़ी का सकड़ी टुटल हऽ ।
281474976726241	हम हमार भाईया एके संग खेलब जा ।
281474976718226	तोहके अब हिले के नाहि चाही ।
281474976718896	हम जात रहली ।
281474976726277	का काल एईजा अईबऽ ।
281474976723323	ऊ स्कूले गईल कांहे छोड़ दिहलन ।
281474976716942	लईका सूत गईल रहे ।
281474976718015	हमार कपार दुखात हऽ ।
281474976726112	सूरज पूरब मे उगेला ।
281474976719027	उ खाना खालेले हऽ ।
281474976717432	बोनि होत बा ।
281474976726045	का तू ओकरा के देखलऽ हऽ नाह ।
281474976717219	ऊ चाय बनावत रहे ।
281474976722070	हमरा के अब आराम मत करे दऽ ।
281474976726417	सगरो लोग परीक्षा पास नईखे कईले ।
281474976718071	हम नाहि खइले ही ।
281474976726322	तू केकरा के पसंद करेलू ।
281474976722085	आग बड़ी तेज लहकल रहे ।
281474976718777	बच्चा चुप मार के सुतऽता ।
281474976726212	ऊ चाह बनावऽ तरी ।
281474976718858	काल अभइले उ कलकत्ता पहुंच चुकल होई ।
281474976723390	हम कभी शराब ना लेनी ।
281474976718935	हम चाहत हयिं कि तू एक बढ़िया आदमी बनऽ ।
281474976717577	अगर तू पढ़बे ना तऽ फेल होजइबे ।
281474976722102	जहां तहां किताबे बिखरल पड़ल बा ।
281474976718975	तोके कितना गइया चाही ।
281474976726223	हम रोज रोज चलत चलत हार गईल बानी ।
281474976717159	छात्र को डंटा से मत पीटऽ ।
281474976726416	तू सुबेरे भात खईले रहलऽ ।
281474976726344	ऊ तीन गो सुअर घर के पिछवाड़े रखेलन ।
281474976726046	हम गिर गइनि जब एगो गाड़ी हमरा के धक्का मार देहलस ।
281474976718157	हम के जाय दऽ ।
281474976726066	हम लोगन के बिजली के तार के गरज बाटे ।
281474976717186	ऊ बजार गईल बाड़ंऽ स ।
281474976717077	कानून आदेश देवे की मंदिर के आगे सराब ना पीये के चांही ।
281474976722104	हम जानिला कि कल छूट्टि बा ।
281474976718116	हमार दादी माई हमके बहूत सारा बिस्किट देहलिन ।
281474976718950	हमनी अभहीं मेला मे जात हई ।
281474976718107	सब लोग परिक्शा पास नहि कइनऽ ।
281474976717261	हमनी कऽ अब एगो मेला में जा तनी जा ।
281474976726466	ऊ दूध ऊध किनीहऽ ।
281474976723508	हमार समूह में तू सबसे बढ़िया आदमी बाड़ऽ ।
281474976717203	हम ई ना कहनी की उ खराब नईखऽ स ।
281474976717625	कलकत्ता मे देस के सबसे अच्छा मिठाई मिलेला ।
281474976726400	तू काल्हु उनकरा के किताब दे देबऽ ।
281474976717359	तू बस सख्यां पैसठ लेसकेलस क्सबा जाय खातिर ।
281474976717192	राधा ओतने अच्छा बीया जितना की रूबी ।
281474976718145	दरवाजा अपने आप खुल गयल ।
281474976725070	केहू खुद ब खुद आपन तारीफ ना करेला ।
281474976717144	ऊ काल नगर गईल ।
281474976717032	हम ओकरा के घर से बाहर ले जाईल चाहतनी सोमार के ।
281474976718361	हम लइकी से कमरा साफ करवइली ।
281474976723467	काल 10:00 बजे सुबेरे ऊ एईजा होईहन ।
281474976717065	नदी में पानी नईखे ।
281474976717099	टीटू कइसे गिरल हऽ ।
281474976717229	ऊ दूध वूध खरीदी ।
281474976723222	ऊ देखलन की ओहन लोग पत्थर से खेलऽ ता ।
281474976718151	आगी बहुत तेज लहकल रहल ।
281474976718793	का तू अभी आसकलऽऽ ।
281474976718117	तार घर कहां हऽ ।
281474976718990	तू भाड़ मे जा ।
281474976723301	ऊ ओके एगो लईका दे तरन ।
281474976717611	उ घरे रहे ।
281474976718177	उ सायदे कल अइहऽ ।
281474976725084	तोड़ दिहली ।
281474976718756	हम ना खइले होब ।
281474976726218	राधा नचली गौली औरु हीतन के मनसाईन कईली ।
281474976723293	ऊ शादी खातीर एगो लईकी देखलन ।
281474976717385	उ एगो आदमी के देखलस ।
281474976723373	ऊ सगाई तोड़ दिहलन ।
281474976725868	किरपा करके चल जाईं ।
281474976717052	हमरा के सीरदर्द बा ।
281474976717356	उ गेंद के मरलस ।
281474976717556	हम ओकरा एगो बच्चा देत बानी ।
281474976719033	हम ओके किताब देब ।
281474976717069	ऊ शिक्षक ना हऽ ।
281474976718995	पिछले हफ्ता उ दिल्ली चल गेल रहलन ।
281474976717252	हम ओकरा के काल बच्चा देईब ।
281474976723241	महतो तैरे चल गईलन ।
281474976723305	सब लोग परीक्षा ना पास कऽ पईलन ।
281474976717254	हम सिर्फ चावल खाईं ना ।
281474976719035	हम काल दार्जलिंग जाइब ।
281474976717030	ओकर नाम कृष्णा हऽ ।
281474976726454	नीचे दिहल उदाहरण का प्रारूप बतलावऽ लोग ।
281474976723506	हम अबे ओसे ना मिलली ।
281474976726069	बिन्ति करऽ तनि जाईं ।
281474976718070	हमके कपार दर्द हऽ ।
281474976719025	हम ओसे सिसा तोड़वइलि ।
281474976718017	कल उ लोग चोर के पकर लेले रहलन ।
281474976719072	हमके कोइ नाही देखलेस ।
281474976719084	राजा अपने मेहरारू के फूल देलन ।
281474976718799	किरपा करके केवाड़ी खोलऽ ।
281474976718262	तू हमरे साथ आवत हुअऽ हऽ नऽ ।
281474976719119	उ देखलेस कि उन्हाने पथ्थरे से खेलत हेन ।
281474976726471	तू रोज भात खालऽ ।
281474976717615	उ अब मैदान जात बा ।
281474976717352	का तू अबे असकेलस ।
281474976718347	उ खास खास के मर गयल ।
281474976723282	ऊ रोज फुटबॉल खेलेला ।
281474976725850	हम काल दार्जलिगं जाईम ।
281474976719099	चाय पियन जाय ।
281474976717596	का तू घर जइबे ।
281474976718937	उ गेदा के मरलेस ।
281474976717410	चिड़ीया अब पेड़ पर नइखे ।
281474976718108	हमरे पास पइसा नाहि होत तऽ हम चल सकत रहलि ।
281474976726483	जहें तहें किताब छीटाईल बा ।
281474976723486	राधा ओतने अच्छा हई जेतना कि रूबी ।
281474976717503	हमनि के सुबहे चावल बनइनि जा ।
281474976718782	राधा अपने लिये एक तोते खरिदलिन ।
281474976719089	उ घोट घोट पानी पी गेल ।
281474976718973	हम सबजी भात खात हइ ।
281474976718171	तू ओके किताब देत हवा ।
281474976718875	उ कले ले अपन काम खतम कर चुकल होई ।
281474976723307	ऊ घर में बाड़न ।
281474976723179	ऊ एईजा नइखन ।
281474976717534	तोर नाम का हऽ ।
281474976717267	ऊ पटरा मोट बा ।
281474976717151	टीटो की माई ने टीटो से राधा के सुतवौलस ।
281474976726185	घर केकर हऽ ।
281474976718981	हम लइकी से घर साफ केरवइली ।
281474976726290	ऊ चल गईल रहतन ।
281474976718916	उके अब घरे होई ।
281474976717636	सबे लइकी कक्शा मे आइल बाड़ी सन ।
281474976716974	ऊ रोज स्कूले जाला ।
281474976717435	हमरा के एक दर्जन केला दऽ ।
281474976725896	उ छत पे भाग गइल ।
281474976716907	ऊ चल देले होईत ।
281474976725944	तू हमरा साथे आवतरऽ ठीक बा नू ।
281474976726288	ऊ का जाने काल्हु आवस ।
281474976717046	हम तोहरा के परसान ना करब ।
281474976717605	तू ओकरा रोजे बच्चा दे ।
281474976725796	जा ओरी कुछो पाकल फल लेले अइहऽ ।
281474976718206	केहु के इहवां अंग्रेजी आवेला ।
281474976725979	जाऽ ।
281474976725824	राधा भात धीरे खइलस ।
281474976718373	हमके तनि चौक्लेट दऽ ।
281474976718166	उ सुत्त रहलन ।
281474976716939	कृपा क के जा ।
281474976717526	हम अब ओकरा से ना मिलिला ।
281474976717491	तोरा कितना गाय चाही ।
281474976717466	उ थोरा देर पहिले हि चावल खइले हऽ ।
281474976726202	विद्यार्थी को छड़ी से मत मारऽ ।
281474976726296	हम चाहऽ तनी कि तू भले आदमी बनऽ ।
281474976726289	ऊ काल्हु कलकत्ता जईहन ।
281474976718865	हमरे परिवार के पास मुर्गा अऽ मुर्गी हऽ ।
281474976718970	हम काल ओके एक बच्चा देब ।
281474976725116	हम उनके काल किताब देईब ।
281474976718140	उ पथ्थर तोर देलस ।
281474976726002	इ बांस के रस्सी हऽ ।
281474976717384	हारीस घर छोड़ देलस ।
281474976718302	उ दिल्ली अकेले जा सकत हे ।
281474976717532	टिटू खाना बनावत रहे ।
281474976716982	ऊ हमरा समप्रदाय क मुखिया हऽ ।
281474976718175	उ दूदिन पहिले बाक्स खोल्ले रहलन ।
281474976725776	हमनि के रोज स्कुल जानी सन ।
281474976719113	उ काल कलकत्ता जात हइन ।
281474976717633	मेज पर दस गो किताब बा ।
281474976726153	हमके भूख नईखे लागल ।
281474976726115	हम ओकरा किताब देतनि ।
281474976717452	एहिजा धुम्र पान निशेद बा ।
281474976726308	तू उनके लईका दे तरऽ ।
281474976723181	ऊ खाली अपना परिवारे खातिर काम करऽ तरी ।
281474976726486	ऊ एईजा नईखन ।
281474976725095	ई बांस क रस्सी हऽ ।
281474976717126	हम ओकर कपार खट से काट दिहनी ।
281474976726169	टीटू गिर गईल बाड़न ।
281474976718312	उ घर मे हऽ ।
281474976725854	इ पटरा मोटा बाटे ।
281474976726354	लईका चुपचाप सुत गईल बा ।
281474976726161	ऊ घर पर होईहें ।
281474976725899	उ पथ्थर तूड़ देले बा ।
281474976718763	उ कल सहर गेल रहल ।
281474976725795	तू रोज भाते खाला हो ।
281474976717504	पिछला स्पताह उ दिल्ली जा चुकल रहन ।
281474976717043	तोहार घर कौन सा हऽ ।
281474976726375	हम काल उनके बचा देब ।
281474976718797	अगर हम आ पाईब ।
281474976717067	ऊ काल कलकत्ता जाई ।
281474976717036	फेड़ पर बानर बा ।
281474976719074	हम लइकी से झाड़ू से घर सफा करवइलि ।
281474976726376	हम काल स्कूले ना जाईब ।
281474976718342	छत से हर हर पानी गिरत हऽ ।
281474976718861	उ ओके किताब देत हऽ ।
281474976717045	राधा सूतऽ तीया ।
281474976726215	किसान कुदार फड़ूआ लेके खेत में जा तरन लोग ।
281474976726255	ऊ उनके किताब देत रहलन ।
281474976717114	खईला की बाद सुतीहऽ ।
281474976726247	तहरा के केतना गाय चांही ।
281474976717465	उ चल देले होतन ।
281474976723242	हम तेजी से भगलीं ।
281474976717486	काल सुबह उ जगंल जात होई ।
281474976723189	ऊ काल कलकत्ता जा तरी ।
281474976717511	जो ।
281474976723276	हम रोज मैदान में जाईला ।
281474976717392	हमनि के समूह मे तू सबसे अच्छा इन्सान बाड़ऽ ।
281474976723512	हम एतवार के कलकत्ता जाईब ।
281474976718766	उ स्कूले जाय काहे छोर देलेस ।
281474976718887	इन्हां धुम्र पान मना हऽ ।
281474976723180	हम स्कूले ना जाइब ।
281474976717619	उ लोग के रसरी से बांध दऽ ।
281474976717238	पांच समूह में तू सबसे अच्छा इंसान बाड़ऽ ।
281474976718057	उ बोल्लस कि औरत भुईयां सुत्त हे ।
281474976723215	ई लंबा पेड़ बा ।
281474976717233	कलकत्ता में देश क सबसे अच्छा मीठाई मिलेला ।
281474976718068	हमार बहिन स्कूले हऽ ।
281474976723424	हमार बहिनियो हमार विश्वास ना कईलीं ।
281474976718941	हम चल नाहि पावत हई ।
281474976719080	तू अभहीं भात खात हउअ ।
281474976718204	लोग इहां इक्ठा भेलु्अन ।
281474976716977	ऊ एगो आदमी के देखलस ।
281474976719023	लोग इहां जुट गइलन ।
281474976726456	ऊ स्कूले गईल कांहे छोड़ दिहले ।
281474976718368	उ घरे से बाहर गइल हे ।
281474976717260	हम ओकरा के किताब दे तनी ।
281474976717513	तू काल कलकत्ता जइबे ।
281474976718220	ई लम्हर पेड़ हऽ ।
281474976723435	ऊ स्कूले जा तरन ।
281474976718053	कुक्कुर भोकत हुअन सन ।
281474976717189	तोहके अब हीले के ना चांही ।
281474976717408	शायद आज मंत्री जी ना अइहन ।
281474976717347	राधा अभिये घर छोर देलस ।
281474976716956	ऊ सूतत रहल ह ।
281474976726444	हम एगो मेला में जा तऽनी ।
281474976726426	हमरा आम नीमन लागेला ।
281474976723456	हमरी आस पड़ोस में सब बहुत अच्छा हऊअन ।
281474976723212	के अपन बड़ाई करेला ।
281474976717307	उ सुत गइल रहे ।
281474976718181	तू कल ओके किताब देदे बऽ ।
281474976719095	कल उन्हाने चोर पकल लेले रहलन ।
281474976717072	हमनी क अब बजारे जा तनी जा ।
281474976716959	ऊ दिल्ली जाई ।
281474976725027	टूबर में बारिश भईल रहे ।
281474976717545	उ ओकरा एगो बच्चा देवेला ।
281474976717236	हम काल ना खईले रहनी ।
281474976717372	पिछला बरिस अक्टूबर मे बूनी भइल रहे ।
281474976726353	का जाने बढ़िया बारिश होई त बढ़िया खेती होई ।
281474976719125	हम सवेरे भात खइले रहे ।
281474976723274	ऊ लोगन अपने बारे में हमके बतौलन ।
281474976725863	इ तोहरा ला सहि रहि ।
281474976726312	हम राती खाना भात खाईब ।
281474976726026	घूसऽ मत ।
281474976717478	हम ओकर भाई के देखनी ।
281474976726489	ऊ दू दिन पहीले बक्सा खोलले रहलन ।
281474976726286	ऊ देखलन की मय लोग पत्थर से खेलऽ ता ।
281474976723499	हमके ई काम करेदऽ ।
281474976717213	हमके जएदऽ और चाय पीयऽ ।
281474976726132	बारिश होता ।
281474976723266	तू काल एईजा आ सकेलऽ ।
281474976718016	का तू अब्बे आसकत हुआ ।
281474976718172	तू बजार जात हवा ।
281474976718821	हम ओके एखे किताब देत हई ।
281474976726028	उ काल कलकत्ता जा रहल बाड़ी ।
281474976723416	हमनी के पत्थर से घर बनौले बानी ।
281474976717535	उ अंग्रेजी बोलेलन ।
281474976725981	हमर भूख लागल बाटे ।
281474976725839	का तू अभी आसकेलऽ ।
281474976726348	ऊ फुटबॉल रोज-रोज खेलेलन ।
281474976717468	उ पथ्थर तोड़ देलस ।
281474976719107	उ एके आदमी देखलेस ।
281474976718991	उ काल शहर आयल रहल ।
281474976726235	कुर्सी लईकन के तुरल हऽ ।
281474976719053	हम ओकर कपार खच से काट देली ।
281474976718337	कल दस बजे सवेरे उ ईहां होई ।
281474976723422	हमसे बिना पूछले घुसल मत करिहऽ ।
281474976723458	ऊ दिल्ली जाईहन ।
281474976719093	तू ओके किताब देत हयऽ ।
281474976718934	उ अभहीं पढ़ऽ जात हौ ।
281474976723378	हमरे दोस्त के बहिन बेमार बाड़ी ।
281474976717399	टिटो राधा के सुतइलस ।
281474976718938	राधा के कारन उ मर गेयल ।
281474976723370	हमार बहीन स्कूले में बाड़ी ।
281474976723315	ऊ रोज स्कूले जा तरन ।
281474976717164	हमार आस पड़ोस में सब बहुत अच्छा बा ।
281474976717167	ऊ अब मैदान जा ता ।
281474976723206	हम ओके एगो लइका देत हईं ।
281474976725781	उ लोग अंग्रेजी बोलेला लोग ।
281474976716978	काल सबेरे ऊ जंगल जात होई ।
281474976726468	हम गिर गईनी जब एगो कार हमके धक्का मरलस ।
281474976717420	हमरा के चावल वावल दऽ ।
281474976725887	आपन खाना खइला के बाद उ सूते चल गइल ।
281474976718122	इहवां बोटा हऽ ।
281474976718903	उ घरे मे रहल ।
281474976717378	आया बच्चा के खाना खिलऽइली ।
281474976725038	बार-बार उनके भूत लऊके ।
281474976717589	हमनि के बिजली के तार के जरुरत बा ।
281474976726118	केहु आपन बड़ाई ना करेला ।
281474976717188	ऊ फुटबाल हर दिन खेलेला ।
281474976717308	उ रोजे बजारे जायलन ।
281474976718855	खराब मौसम के वजह से हमनी के अपने गांव नही जा पइली ।
281474976718072	हम चावल और सबजी खात हई ।
281474976719001	कलकत्ता मे देसे के सबसे बढ़िया मिठाई मिलेला ।
281474976719116	हर घरे मे एकखे कुक्कुर हऽ ।
281474976717398	हम हर दिन चलत चलत थक गइल बानि ।
281474976726192	हम तोहके ना जानी ले ।
281474976718310	कलकत्ता मे देस का सबसे अच्छा मिठाई मिलेला ।
281474976719002	उ पुरा बच्चन के रुलादेलस ।
281474976723312	ऊ कमरा के साफ कईलन ।
281474976726178	ऊ कल कलकात्ता जा तऽरन ।
281474976718357	उ लोग आपन काम नाहि खतम कइनऽ ।
281474976717610	जो और पाकल हुअल तनि फल ले आओ ।
281474976719028	ओन्हाने एक दुसरे का नकल करलन ।
281474976719134	तू काल सहर हइल रहलऽ ।
281474976725757	उ भात खाई ।
281474976718872	कल राती मे उ भात खाइ ।
281474976718045	उ सुत्त हऽ ।
281474976725808	हमर कपार मे दरद होता ।
281474976718055	तहार नाम का हऽ ।
281474976723497	तोहके केतना गाय चांहि ।
281474976718050	रधा मोजोरम रहेले ।
281474976717543	उ मर गइल ।
281474976718143	पेड़ पर बंदर हऽ ।
281474976717297	तू ओकरा रोजे किताब देवेलस ।
281474976717021	ऊ घर में रहे ।
281474976723532	ऊ गा ना सकेलन ।
281474976725957	उ अभिन बिद्यालय जातरि ।
281474976723433	ऊ ओके किताब दे तरन ।
281474976718889	हम नइया से अइलि हऽ ।
281474976723187	ऊ दूध ऊध खरीदीहन ।
281474976717409	तू कब जइबे ।
281474976726108	मजदूर के घर बनावेला पचास गो पथ्थर के जरूरत बाटे ।
281474976717485	हमरा जाय दऽ ।
281474976717050	ऊ ओकरा के किताब देला ।
281474976716908	काल ऊ कुल चोर के पकड़ लीहनऽ सऽ ।
281474976719121	उ काल कुछो ना खइलेस ।
281474976726204	ऊहां लोग अपनी-अपनी गांवे गईलन जा ।
281474976726073	हमनी के दुनो एक दुसरा से मिलनि सन ।
281474976723341	टीटू खाना बनावत रहलंऽ हऽ ।
281474976717575	डकैइत सब घर के जला देलऽ सन ।
281474976718266	हम ओके कल बच्चा देब ।
281474976725777	उ सूत गइल रहे ।
281474976726040	उ लोग एक दुसरा के देख के काम करेला लोग ।
281474976717617	उ अब बांस काटत बाड़न ।
281474976718329	नद्दी मे पानी नहि हऽ ।
281474976725965	उ कोठरी के साफ कइलस ।
281474976723524	अगर बरखा होई त हम मुर्गा बनाईब ।
281474976717150	हमरा परिवार की लगे मुर्गा और मुर्गी बा ।
281474976716965	तोहरा के केतना गाय चांही ।
281474976718128	सीता अउर राजा के लगल कि उ एक दुसरे से लड़त हूंअऽ ।
281474976718026	हम अउर हमर भाई साथ मे खेलल जाई ।
281474976726363	काल्हु ई बेरा ले ऊ कलकत्ता पहुंच गईल होईहे ।
281474976725823	हम खइले ना होखेम ।
281474976725062	हमसे बीना पूछले परवेस मत करिहऽ ।
281474976726019	इ गाढा़ लाल बाटे ।
281474976726206	आजू बुझाता कि मंत्री जी ना अईहन ।
281474976718905	उ चाह बनावत हऽ ।
281474976718236	उ चावल खाइ ।
281474976723527	उ सुत गईल रहली ।
281474976718221	राधा सुत्त हइन ।
281474976717551	उ लोग आपन काम नइखे खतम कइले ।
281474976723286	ऊ धीरे चलेलन ।
281474976717429	राजा आपन पत्नी के फूल देलन या देलस ।
281474976717313	तू राती के चावल खइबे ।
281474976718308	बच्चा स्कूल जा सकत हऽ ।
281474976717239	नीचे दीहल गईल उदाहरण क प्रारूप बतलावऽ ।
281474976717182	ऊ दूपहर में गाई ।
281474976723519	राधा के केतना पैसा मिलल ।
281474976722084	निचे देयल गइल उद्धारण के पारूप बतलावऽ जाऽ ।
281474976717386	हम लइकि से कमरा साफ करवइनी ।
281474976725106	रूबी सबसे तेज दौऊरे ली ।
281474976723226	ऊ घूट घूट के पानी पी गईल ।
281474976718879	आज पानी बरसी ।
281474976726387	रूबी राधा से बड़ बाड़ी ।
281474976726127	हम अपना के शीशा में देखनी ।
281474976717071	जईबऽ ।
281474976725787	जेने तेने कितबवन बिखरल पड़ल बड़ऽ सन ।
281474976718115	उ ओके एकठे बच्चा देत हऽ ।
281474976723306	कुछ लड़का कक्षा में नाहीं अईलन ।
281474976723211	केहु खुद के बड़ाई ना करेला ।
281474976726275	तनी चाह आह ली ।
281474976717161	टीटो राधा के सुतौलस ।
281474976717013	राजा अपनी पत्नी के फूल दीहलन ।
281474976726373	पिछला हफ्ता में ऊ दिल्ली गईल रहलन ।
281474976723438	ऊ लोगन अपन काम ना खत्म कईलन ।
281474976718253	राजा आपन घर कल छोड़नऽ ।
281474976725853	राजा आपन घर कल छोड़ देलस ।
281474976718065	जो और तनी पक्कल फल ले आऔ ।
281474976723504	काल सुबेरे ऊ जंगल में जात होई ।
281474976725767	उ घर मे बाटे ।
281474976718156	तू राती मे चावल खइबऽ ।
281474976718069	सब अदमिन के दस रूप्या दऽ ।
281474976726074	हमनि के कहियों जा सकऽ तनि सन ।
281474976726039	लइका सूत गइल बा ।
281474976718195	दरवाजा खोला ।
281474976725857	इ पटरा मोट बाटे ।
281474976725901	हमनि के अब एगो मेला मे जातनि सन ।
281474976726372	हम भात औरु तरकारी खा तनी ।
281474976717064	कृपया जा ।
281474976717353	उ लोग हमरा से प्यार करेलन या करेली ।
281474976717553	उ काल कलकत्ता जाई ।
281474976723521	ऊ सुतल रहलन ।
281474976717047	ऊ आईल बईठल खईलस और चल गईल ।
281474976718285	उ सिक्छक नाही हवन ।
281474976718807	राधौ उतना नइखऽ जेतना रूबिया ।
281474976717248	काल दस बजे सुबह ऊ एईजे होई ।
281474976725773	लोग इहां गोटियाईल बा ।
281474976726309	तू अबे भात खा तरऽ ।
281474976718043	लइका सुत चुकल हऽ ।
281474976725933	हम तोहरा के कल बुला सकऽ तनि ।
281474976719065	हमके जाय दऽ अउर चाय पियऽ ।
281474976726012	काल उ रात मे चावल खाई ।
281474976723453	तोहार घर कहां बा ।
281474976723529	टीटो के माई टीटो से राधा के सुतवौली ।
281474976723423	काल ए टाइम ले ऊ कलकत्ता पहुंच गईल होईहन ।
281474976718168	आया बच्चा के खाना खियनीन ।
281474976718850	केवाड़ी अपने आपऽ खुल गेल ।
281474976726269	ऊ कूद कूद के अपने घर पहुंच गईल बाड़न ।
281474976726361	ऊ हाथी मारे के चहलन ।
281474976723182	तू अब ना जा पईबऽ ।
281474976723417	हम सिर्फ चाऊर खाई लां ।
281474976718138	ओकर नाम क्रीश्ना हऽ ।
281474976717035	पीछला सप्ताह ऊ दिल्ली जा चुकल रहल ।
281474976725930	उ टांगी से गाछ के कटलस ।
281474976725759	पिता जी आपन बच्वन ला खिलौना खरिदलन ।
281474976723268	हम सुबेरे चाऊर खईले रहनी ।
281474976723311	का तु घरे जईबऽ ।
281474976726256	भारत में सबसे लमहर नदी गंगा हऽ ।
281474976726469	हम अब मैदान में जा तनी ।
281474976716963	ऊ कुलहाड़ी से पेड़ कटलस ।
281474976717565	उ चाय बनावतीया ।
281474976725040	ऊ काल गांव गईल रहनऽ ।
281474976722077	सीता और राजा के लगल की उ एक दुसरा से लड़ऽ तड़न ।
281474976718779	राधा सीता से बोल्ली के राखी अपना के पसंद करऽलिन ।
281474976726362	ऊ कुल्हाड़ी से फेंड़ के कटलन ।
281474976722096	छत पे हर हर पानी गिरत रहे ।
281474976717407	उ ओकरा किताब दिही ।
281474976726317	ऊहन लोग हमरा से दुलार करे ला लोग करे ली लोग ।
281474976717007	राधो ओतने अच्छा बीया जेतना की रूबी ।
281474976718917	हम खाइ के ना खाएब ।
281474976723477	ऊ लोग हमसे प्यार करेली ।
281474976726224	माई नौकरानी से लईका के खाना खीवौली ।
281474976717154	ऊ एईजा नईखे ।
281474976726000	राधा सुत्ततिया ।
281474976719075	उ रोज पढ़े जात रहल ।
281474976723299	राजू घर छोड़ दिहलन ।
281474976725971	हम खाना खतनि ।
281474976723248	मधु अपना लइका के बहुत प्यार करेली ।
281474976717235	हम ए बेरा रात के सहर जाईल चाहऽ तनी ।
281474976717461	राधा मिजोरम मे रहे ले ।
281474976717019	अगर तू पढ़ाई ना करबऽ त फेल हो जईबऽ ।
281474976716947	हमार घर में बहुत सारा पेड़ बा ।
281474976717054	तू रोज स्कूले जालऽ ।
281474976718978	हम उन्हां नहि जासकिला ।
281474976718846	अस पास और दुरी दराजि के सभी लोग सभा मे पहुचेला लन ।
281474976723320	रमेश दऊड़लन ।
281474976726024	हमरा नइखे लागत कि उ आई ।
281474976717467	फूल सुन्दर बा हऽ नऽ ।
281474976726097	हम बिद्यालय नहि जाइम ।
281474976717381	हमरा भूख लागल बा ।
281474976718982	पेड़े पर बंदर हऽ ।
281474976717253	तोहार घर कंहा बा ।
281474976725832	हमरा केहु ना देखलस ।
281474976718795	किरपा करके जा ।
281474976726198	हमरा परिवार में मुर्गा मुर्गी बा ।
281474976717142	तू ओकरा के रोज किताब देलऽ ।
281474976718921	रुबी राधा से लम्बी हयीं ।
281474976725895	लइका स्कूल जा रहल बा ।
281474976717382	केहू आपन तारीफ ना करेला ।
281474976726047	खाय के बाद सुतऽ ।
281474976717111	मां ने आया से बच्चे को खाना खिऔलस ।
281474976717550	हम नइखि खइले ।
281474976718755	हमरे लग्गे पइसा नाही हऽ ।
281474976723300	ऊ रोज बजारे जाली ।
281474976717183	कुल लईकी कलास में आईल बाड़ी स ।
281474976726418	राधा रमेश के संगे शहर गईली ।
281474976717070	हम अब मैदान जा तनी ।
281474976717472	तू बजारे जात बाड़े ।
281474976726103	हम नाहि तू ई परेसानी के निप्टारा कर सकेनि सन ।
281474976718336	राधा चावल धीरे खइनी ।
281474976725869	हम अपना के पसन्द करेनि उ अपना के पसन्द करेलि ।
281474976719021	हमने पथ्थरे से घर बनइले हई ।
281474976726392	ऊ उनके एगो लईका देत रहलऽ ।
281474976719003	हमरे पाला मे तू सबसे बढ़िया आदमी हयऽ ।
281474976726378	जईबे आगे ।
281474976725881	उ गा ना सकेला ।
281474976717426	हमनी के रोज उस्कूल जायली जा ।
281474976717421	उ उछल्त उछल्त आपन घरे पहुंच गईल ।
281474976717148	हमके एगो छोट केरा दऽ ।
281474976717582	राधा अपना खतिर एगो साड़ी खरिदलस ।
281474976718358	हमसे बिना पुछे प्रवेश मत करिहऽ ।
281474976726367	हम उनकर मूड़ी खच्च दे काट देहनी ।
281474976718927	तू ओके बच्चा देत हयऽ ।
281474976718836	हमार भाई धीरे धीरे खाना खाला ।
281474976726196	ऊ उनके किताब दे तरंऽ ।
281474976716927	हम नईखी खईले ।
281474976718781	हमे अब आराम मत करे दऽ ।
281474976718920	उ अभी मैदाने जात हऽ ।
281474976716983	लईका शांती से सूतल बा ।
281474976726239	ऊनहन लोग अपने बारे में हमके बतावल लोग ।
281474976719079	हम काल ओके बच्चा देब ।
281474976725114	ऊ अभी स्कूल जात बाड़ी ।
281474976725890	उ सूतता ।
281474976718334	उ कल कुछो नाही खइनी ।
281474976717578	उ साच नइखे बोलत हऽ नऽ ।
281474976719139	उ सूत गइल हऽ ।
281474976716993	ऊ पथर तूड़ दीहलस ।
281474976723476	हम एगो मेला में जा तनी ।
281474976725866	तू हमरा के नइखऽ जानत ।
281474976726337	अगल-बगल और दूरदराज के सभी लोग पंचायत में पहुंचल रहल लोग ।
281474976725970	नीचे जौन उद्धाहरन देले बा ओकर ढंग बतलावऽ ।
281474976723254	हम गिर गइली जब एगो कार हमके टक्कर मार दिहलस ।
281474976723475	हमके एगो छोट केरा द ।
281474976717130	ई गाढ़ा लाल है ।
281474976718809	उ हसत हसत पगला गइल ।
281474976716962	ऊ घर में बा ।
281474976726048	तू रात मे भात खइबऽ ।
281474976717162	तनी चाय वाय लऽ ।
281474976719037	राधा ओसे प्यार करऽलिन ।
281474976717329	तू खुदे चावल बनइ लऽ ।
281474976718813	उ मास्टर ना हयन ।
281474976726058	हमनि के सबेरे भात बनौनि सन ।
281474976717363	हम जानत बानी के काल छूट्टी बा ।
281474976722066	उ लोग चल देले होतन ।
281474976723396	ऊ बीना केहु के बतौले चल गईलन ।
281474976726101	हम तोहरा के परेशान नाहि करेम ।
281474976717487	उ नीचे गिर गइल ।
281474976723484	हम ओके एगो किताब दे तनी ।
281474976717177	ऊ शायदे काल आवे ।
281474976723228	केंवाड़ी के सीकड़ टूटल बा ।
281474976717129	ऊ हमरा के आशीर्वाद दिहलस ।
281474976726035	हमर यार के बहिन बिमार बिया ।
281474976717232	का तू हमरा के नईखऽ जानत ।
281474976723531	हमरा घरे ढेर खाने पेड़ बा ।
281474976717048	सूरूज पूरब से ऊगे ला ।
281474976722089	उ घर से बाहर गइल बड़ी ।
281474976717492	उ दिल्ली जइहन ।
281474976725092	काल ऊ सबेरे जंगल जा रहल होईंहन ।
281474976725978	टीटो के माई टीटो के राधा से सुतवइली ।
281474976726140	ऊ बिना केहू के बतावल चल गईल ।
281474976719062	नोकरानी बच्चा के खाना खियऽइलिन ।
281474976725873	तू ओकरा के रोज किताब दे लऽ ।
281474976717320	पिता जी आपन बच्चा खतिन खिलौना खरिदलन ।
281474976718030	सायद उ कल सुवेरे जल्दि आवे ।
281474976717231	हारीस घर छोड़ दीहलस ।
281474976717314	आज सोमार बा ।
281474976717358	उ हमरा के फोन कइलस ।
281474976717375	उ सगाइ तोड़ देलस ।
281474976725972	हम रोजि ना मैदान जायनि ।
281474976718880	होसकऽता आज मंत्री जी ना आवंऽ ।
281474976717215	मधु अपना लईका से बहुत प्यार करेले ।
281474976726270	ऊ बीयाह करे खाती एगो लईकी के देखलन ।
281474976717237	ऊ उछल उछल के अपना घरे गईल ।
281474976717334	हम नाओ से आइल बानि ।
281474976718817	तू हमरे संगे आवत हउअऽ हऽ नऽ ।
281474976717187	हम और हमार भाई साथ में खेलब जा ।
281474976717592	उ घरे होई ।
281474976718112	तू बस संख्या पैसठ ले सकेला कसबा जाय बदे ।
281474976726183	ऊ घर से बाहर गईलन ।
281474976717104	का ई सही रही तोहरा खाती ।
281474976718244	रमेश दौड़लन ।
281474976718815	तू काल शहर गइल रहलऽ ।
281474976718366	पत्ती कुल पेड़ से नीदे गिरत हइन ।
281474976717170	ऊ ओकरा के एगो बच्चा दीहलस ।
281474976723351	तोहार का नाम ह ।
281474976717388	अगर उ काल आइल होइत त हमनी के त्योहार मना सकत रहीं जा ।
281474976717500	हमनि के तोहरा परेसान ना करल जाई ।
281474976717338	खराब मउसम के चलते हमनि के गांव ना जा पइनि जा ।
281474976725885	लगिचे अउरी दूर दराज के सब जगह के लोग सभा मे पहुंचल रहे ।
281474976718073	हम ओकर मुण्डी खच से काट देली ।
281474976716902	हमार बहीन हमार विस्वास ना कईलस ।
281474976717346	उ सिक्शक ना हऽ ।
281474976726364	हम गा सकेनी ।
281474976716971	राजा आपन घर काल छोड़लस ।
281474976719090	उन्हाने के रसरी से बांध दऽ ।
281474976726229	हमार कपार बथऽ ता ।
281474976719036	का तू हमके नाहि जानऽलऽ ।
281474976718275	उ ओके एकठे बच्चा देवेला ।
281474976718196	हम ओके घरे से बहरे ले जायल चाहत हइ सोमार के ।
281474976723296	अब हमके आराम मत करेदऽ ।
281474976717562	हमार बहिन बिद्यालय मे बिया ।
281474976716945	जंहा तांहा किताब बीखरल पड़ल बा ।
281474976718261	उ ओके किताब देहि ।
281474976716919	ओकरा के जाएदऽ ।
281474976726346	मेज पर 10 गो किताब बा ।
281474976718774	आज सोमार हऽ ।
281474976726351	हम रोज स्कूले जानी ।
281474976718993	हम ओके किताब देत हइ ।
281474976723514	उनकर नाव कृष्णा हऽ ।
281474976716931	तोहरा के अइसे ना बतावे के चांही ।
281474976726358	ऊ उनके एगो लईका देले बाड़न ।
281474976723414	हम नाव से आईल बानी ।
281474976723224	राजीव टोटो सबसे लमहर बाड़न ।
281474976717149	मजदूर के घर बनावे खाती पचास गो पत्थर क जरूअत बा ।
281474976723428	का तू अपन काम नईखऽ कईले ।
281474976717209	तू ओकरा के रोज बच्चा दऽ ।
281474976726032	टेबुल पर दस गो किताब बाटे ।
281474976718179	उ कल तक अपने काम समाप्त कर चुकल होई ।
281474976723462	हमके चाऊर वाऊर द ।
281474976717471	हम ओकरा घर से बाहर लेजाइल चाहतनि सोमार के ।
281474976723198	तऽनी चाय ओए पी लीं ।
281474976719015	उन्हन चल देले होतन ।
281474976723263	ऊ सच नईखन बोलत ह न ।
281474976716912	काल ऊ ए समय ले कलकत्ता पहुंच गईल होई ।
281474976717423	हम काल डार्जलिंग जाइम ।
281474976716904	हम काल स्कूले ना आईब ।
281474976723441	ई गाढ़ लाल बा ।
281474976717202	ऊ अब बांस काटऽ तनऽ स ।
281474976717198	तू भांड़ में जा ।
281474976717042	टेबल पर दूगो किताब बा ।
281474976719069	तू के अब हिलावे के ना चाही ।
281474976717171	एईजा धूम्रपान नईखे करे के ।
281474976723526	तू ओके रोज लईका दऽ ।
281474976718983	मेजी पर दू किताब हऽ ।
281474976717455	राधा गावं मे कहि नइखे ।
281474976718186	उ तीन ठे सूअर घरे के पीछे रखेला ।
281474976718892	पत्ती पेड़े से नीचे गिरत हऽ ।
281474976717369	बूनी होत रहे ए चलते हम खेत मे ना जासकनी ।
281474976726005	उ तीन सुअर घर के पिछुआ रखेला ।
281474976725849	उ ओकरा के किताब देला ।
281474976725874	उ घर मे रहे ।
281474976726246	ऊ दिल्ली जईहें ।
281474976726316	ऊ काल्हु शहर में गईल रहलंऽ हऽ ।
281474976725883	हम सवेरे भात खइले रहनि ।
281474976717222	तू काल कलकत्ता जईबऽ ।
281474976726200	हम जल्दी से भगनी ।
281474976718222	उ देखलस कि उ लोग पथ्थर से खेलत हुअन ।
281474976718974	कौनो लइकन ना अइलन ।
281474976718335	उ रोज बजार जाय नऽ ।
281474976725924	हमरा एक दर्जन केला देदऽ ।
281474976717344	हम खाली चावल खाईला ।
281474976725800	अब हमरा खाय के होखी ।
281474976717119	ऊ स्कूले जात रहलन सऽ ।
281474976717028	अगर ऊ काल आई त हमनी के त्योहार मना सकती जा ।
281474976718260	राधा अपने बदे एक साड़ी खरिदनि ।
281474976725049	कि रुबी रहली राधा ओतने सुंदर रहली जेतना कि रुबी ।
281474976725052	ऊ घुंट घुंट के पानी पी गईल ।
281474976723221	ऊ पत्थर तोड़ दीहलन ।
281474976723412	सुबेरे चावल खईले रहलऽ ।
281474976717351	किवाड़ खो ल ।
281474976723507	संख्या लिंग और सम्मान सूचक के जांच करऽ ।
281474976726186	सब लोग पास नईखे ।
281474976718882	उ ओके एक बच्चा देत हऽ ।
281474976726147	ऊ कल तक आपन काम खत्म कर चुकल होई ।
281474976726131	ऊ एक दूसरे क करता ।
281474976726428	राधा उतने नीमन बाड़ी कि जितना रुबी ।
281474976718796	हमरे पास पइसा ना होत तऽ हम चल सकत रहलि ।
281474976719007	राधा भात धीरे खइलिन ।
281474976718208	कुर्सी बच्चन के द्वारा तोड़न गयल हऽ ।
281474976717103	टैंक में पानी नईखे ।
281474976722086	हमनि के सुबह मे भात खइले रहीं ।
281474976718923	जा अउर कुछ पक्कल फल लेके आवा ।
281474976723383	तोहार घर कौन ह ।
281474976717343	हम अउर हमरे भाई साथे मे खेलल जाई ।
281474976718022	सब लोग पास नहि भइना ।
281474976726305	हमनी के पत्थर से घर बनौले बानी जा ।
281474976726291	राधा सूत गईली बाड़ी ।
281474976726137	तू दिल्ली अकेले चल जईबू ।
281474976723325	पिछला सलीया अक्टूबर में बारिश भईल रहल ।
281474976723377	ऊ दिल्ली जईहन ।
281474976717457	भारत मे सबसे लम्बा नदी गंगा हीयऽ ।
281474976717225	ऊ घूंट घूंट पानी पी गईल ।
281474976717264	ऊ लोग अपना अपना गांवे गईल ।
281474976725065	ऊ दू दिन पहीले बाक्स खोलले खोलले रहनऽ ।
281474976717544	उ दुपहरिया के गाई ।
281474976717184	हम जानऽ तनी की काल छुट्टी बा ।
281474976723309	हम ओकरी भाई के देखली ।
281474976725889	उ दू दिन पहिले डिब्बा खोलले रहे ।
281474976726479	तू उनके किताब दे तरऽ न ।
281474976718066	चिड़यी अब पेड़ पर नाही हे ।
281474976718952	उ एक मस्टराइन रहलिन ।
281474976725913	राधा अबगे घर छोड़ देहलस ।
281474976718367	कल उ राती मे चावल खाई ।
281474976725831	लागता आज मन्त्री जी ना अइहन ।
281474976725069	अगर ऊ काल आईल होतन त हम मना त्योहार सकती ।
281474976725934	काल सबेरे उ जंगल जाता ।
281474976722067	सब लड़कियन मे ऊ सबसे सुन्दर बाड़ी ।
281474976719063	उ घरे मे आइल रहल ।
281474976726090	बच्चा हाली हाली चलत रहे ।
281474976726014	तोहरा के केतना गाय चाहीं ।
281474976722082	राजीव टोटो सबसे लम्बा बाड़न ।
281474976717598	काल दस बजे सुबहे उ एहिजा होई ।
281474976723352	ऊ घर से बाहर गईल बाड़ी ।
281474976726332	टीटो राधा के सुता दिहलन ।
281474976717574	ना हम ना तू ई परेसानी के हल कर सकत बानि जा ।
281474976726262	ऊ एगो मास्टराईन रहली ।
281474976723214	हम रोज चलत चलत थाक गईल बानी ।
281474976717094	ऊ ओकरा के एगो बच्चा दे ता ।
281474976723193	घर घर जाके जलाव हम जलावन बिटोरले हईं ।
281474976717152	ऊ धड़ाम से गिर गईल ।
281474976717093	भाग जो ।
281474976718263	हमरे पास पइसा नाही हऽ ।
281474976718344	बार बार ओके भूत देखल ।
281474976717515	हम राती के चावल खाइम ।
281474976726179	हां हम घर जाईब ।
281474976717599	भगवान तोर भला करे ।
281474976725837	ऊ बिद्यालय जाता लोग ।
281474976723472	राधा सीता से बोलली कि राखी खुद के बहुत पसंद करेली ।
281474976725976	खुल के कहिं तऽ हमरा चाय पसंद नइखे ।
281474976718843	हम चाहिला कि उ रोज खेते जाय ।
281474976718969	हम गिर गइलि जब एक कार हमके धक्का मारलेस ।
281474976726293	हमार कपार बथता ।
281474976723319	मजदूर के घर बनावे खातिर 50 गो पत्थर के जरूअत बाटे ।
281474976717155	हमके नईखे लागत की ऊ आई ।
281474976717590	राधा अउर राजा एक दुसरा के देखलन ।
281474976717631	सबे लोग पास ना भइल ।
281474976717607	महतो राधा से लम्बा बा ।
281474976717003	ऊ ओकरा के एगो बच्चा देत रहे ।
281474976726360	केतना लईका क्लास में नईखऽ सऽ आईल ।
281474976718114	मधु अपने लइका से बहुत प्यार करेले ।
281474976718245	का तू आपन काम नाही कइले हउअ ।
281474976725926	हमरा लगे पइसा नइखे ।
281474976718191	टीटो कइसे गिरलन ।
281474976726025	उ कपड़ा धोऽत रहलि हऽ ।
281474976723408	ऊ चाय बनावऽ तरी ।
281474976726207	का उनको तू देखले बाड़ऽ ना ।
281474976718778	कल सवेरे उ जंगल जात होई ।
281474976718833	उ खाली अपने परिवार बदे काम करत हऽ ।
281474976723349	किसान कुदार उदार लेके खेते जालन ।
281474976717405	हमर दोस्त के बहिन बिमार बिया ।
281474976725945	टीटो राधा के सुतवलस ।
281474976726461	हम हम सही कंही त हमके चाय पसंद नईखे ।
281474976722073	दरवाजा के सिकड़ी टुटल बा ।
281474976718280	हम रोज चावल खाइला ।
281474976725053	कुर्सी लइकन के द्वारा तूरल गईल ।
281474976719046	तू रोज भात खाला ।
281474976718027	खराब मौसम के कारण अमन घरे नहि पहुंच पइलि जा ।
281474976717389	गावं के इ सबसे पुरान पेड़ हऽ ।
281474976723335	तू काल शहर गईल रहलऽ ।
281474976719092	पानी बरसत रहल एहि बदे हम खेते ना जा पइलि ।
281474976718805	तू ओके रोज किताब देलऽ ।
281474976717266	राधा रमेस की संगे सहर गईल ।
281474976726371	जा अऊरु कुछ पाकल फल ले आवऽ ।
281474976718324	प्रवेश न करा ।
281474976717325	तू रोजे चावल खायलस ।
281474976726390	तू राती खाने भात खईबऽ ।
281474976725840	राधा सीता के बोल्लस कि राखी अपना के पसंद करेलि ।
281474976718322	राधा अब्बे अब्बे घर छोर देहलिन ।
281474976718980	उ अभइ मैदाने जात हौ ।
281474976719120	हमके एक छोट केरा दऽ ।
281474976719098	उ दू दिन पहिले बक्सा खोल्ले रहल ।
281474976726357	राधा मीजोरम में रहेली ।
281474976725060	ऊ नीचे गिर गईलन ।
281474976718152	हम तेजी से भगली ।
281474976726138	ऊ एगो आदमी के देखलू ।
281474976726313	भूख के मारे हमार पेट कुलकुला ता ।
281474976723368	राधा अबे अबे घर छोड़ दिहनी ।
281474976723380	चिड़िया अब पेड़ पर नईखी ।
281474976726405	डाकू घर के जरा दिहलऽ सऽ ।
281474976717374	हमर आजी हमरा के बहुते बिस्कुट देली ।
281474976726037	नदि मे पानी नइखे ।
281474976718109	संख्या लिगं अउर सम्मान सुचक कऽ जाचं करऽ ।
281474976717263	हम एईजा तोहरा के देखे आईल रहनी हऽ ।
281474976717124	हम कंहीयो जा सकीना ।
281474976718320	उ आयल बइठल खइलस और चल गयल ।
281474976717613	उ केकरा के पसंद करेलस ।
281474976723482	हमरा परिवार की लगे मुर्गा और मुर्गी बाड़न ।
281474976726472	मजदूर के घर बनावे खाती 50 गो पत्थर के काम बा ।
281474976726075	हमर माई धीरे धीरे खाना बनावेली ।
281474976725892	तू बजार जा तरऽ ।
281474976725791	हम कबो सराब ना लेनि ।
281474976718205	इहवां बासं के रस्सी हऽ ।
281474976718095	हमरे आस पड़ोस मे सब बहुत अच्छा हुअन ।
281474976726447	ऊ उनके एगो बच्चा देतरन ।
281474976723249	हम आज रात के शहर जाईल चाहऽ तनी ।
281474976717362	उ रोजे बजारे जायले ।
281474976717614	नदी मे पानी नइखे ।
281474976726463	पिछले साल अक्टूबर में बूनि पड़ल रहल ।
281474976717076	तोहार नाम का ह ।
281474976717073	हमके जाएदऽ जा ।
281474976718788	उ अगर काल आयन होतन त हम त्योहार मना सकत रहलि ।
281474976717095	भारत क सबसे लंबी नदी गंगा ह ।
281474976717341	आस पास अउर दूर दराज के सबे लोग सभा खातिर पहुचल रहन ।
281474976718898	इ पेड़ लम्मा हऽ ।
281474976717340	उ कमरा के साफ कइलस ।
281474976725948	हम जानऽ तनि कि काल छुट्टि बाटे ।
281474976718823	भगवान तोहार भला करऽ ।
281474976717583	उ ओकरा किताब देत बा ।
281474976725780	राधा अपना ला एगो साड़ी खरिदली ।
281474976726043	उ लोग बजार गए रहे लोग ।
281474976726341	केंवाड़ी अपने से खुल गईल ।
281474976723411	गांव के ई सबसे पुरान पेड़ ह ।
281474976726015	बाग जा ।
281474976718028	उ अमन के स्मप्रदाय के मुखिया हऽ ।
281474976717443	कृप्या जा ।
281474976726208	कौनो लईका नईखऽ सऽ आईल ।
281474976725859	टिटो कईसे गिरल ।
281474976725774	उ ओकरा किताब दी ।
281474976723316	लईका के छड़ी से मत मारऽ ।
281474976718745	तोहार घर कवन हौ ।
281474976726089	उ दिल्ली अकेले जा सकेली ।
281474976717419	राधा के कितना पइसा मिलल ।
281474976725099	ऊ बहुते ही मधुरमय गावेली ।
281474976717348	उ देखलस के उलोग पत्थर से खेलत बाड़न ।
281474976726411	हमके जाएदऽ चाह पीयऽ ।
281474976723281	सूरुज पूरब में ऊगेला ।
281474976726455	ऊ रोजू बजारे जाले ।
281474976718058	हम खाना खात हई ।
281474976726301	उनका बेमारी खाती कुछु ना कईल जा सकेला ।
281474976725018	बाबूजी लईकन खातिर खेलौना खरीदलन हऽ ।
281474976718857	हम तेज से भग्ली ।
281474976726176	हम ऊनका से कांच तोड़वौनी ।
281474976719012	हर घरे मे एखे कुकुर हऽ ।
281474976726438	चाह के पीयल जाव ।
281474976717571	उ राधे बिया जे खाई ।
281474976717031	मैं घर में एगो कुत्ता बा ।
281474976716999	राधा चावल धीरे खईलस ।
281474976723517	पिछले हफ्तवा ऊ दिल्ली जा चुकल रहलन ।
281474976718362	हम अब मैदान जात हई ।
281474976717091	महतो तैरे चल गईल ।
281474976725118	टिटो की माई ने टिटो से राधा को सुलाया ।
281474976718141	तहार घर कवन हऽ ।
281474976718064	हम बस ले आइब ।
281474976726191	केहूके एईजा अंग्रेजी आवेला ।
281474976726334	ऊ उनके किताब दे तरन ।
281474976719031	हमके भूख लगल हऽ ।
281474976717524	उ हस्त हस्त पगला गइल ।
281474976725137	हम ओके एगो बच्चा देत बानी ।
281474976717411	राजू घर छोड़ देलस ।
281474976722075	मैंन आज रात को शहर जाना चाहता हूं ।
281474976723280	तू रोज स्कूल जालऽ ।
281474976717304	तू काल ओकरा किताब देदेबे ।
281474976717564	तू रोजे स्कूल जायलस ।
281474976717488	बच्चा जल्दी जल्दी चलत रहे ।
281474976723304	काल ऊ लोग चोर के पकड़ लिहलन ।
281474976725077	राधा गांव में कंही नईखी ।
281474976723333	ऊ लोग अपना-अपना गांवे चल गईलन ।
281474976723388	अब ऊ मैदाने जा तरन ।
281474976718844	सब अदमि के दस रुप्या दऽ ।
281474976726484	कुक्कुरा तऽ लईकवा के रोआ दिहलस ।
281474976725819	हम काल बिद्यालय ना आइम ।
281474976723186	छतवा से हरऽ हरऽ पानी गिरऽ ता ।
281474976718928	राधा सुत्त हईं ।
281474976726245	कुकुर भोंकऽ तरऽ सऽ ।
281474976719141	बच्चा चुप मार के सुत्त हऽ ।
281474976717469	उ हमरा से प्यार करेले ।
281474976718791	उ घरे मे हऽ ।
281474976716941	आग बहुत तेज लहकल रहे ।
281474976726085	तोहरा अब हिले के ना चाहीं ।
281474976718962	उ तीनो सुअरवन घरे के पिछवारे रहलन ।
281474976717427	हम तेजी से भगनि ।
281474976718985	हम तोहके परसान ना करब ।
281474976723535	ऊ आईल बईठलस खईलस और चल गईल ।
281474976717529	उ शायदे काल आवे ।
281474976726136	हम तोहरा के एक बच्चा देब ।
281474976718339	सायद आज मंत्री जी नाही अइहं ।
281474976726325	तू उनके किताब दे तरऽ ।
281474976726050	हम जाएम जब माई आजाई ।
281474976716990	हमरा के भूख नईखे ।
281474976718056	बच्चा चूप चाप सुत रहल हऽ ।
281474976717205	खुल के बोलीं त हमके चाय पसंद नईखे ।
281474976725932	तू रोज विद्यालय जा लऽ ।
281474976726458	राजा आपन घर काल छोड़ दिहलन ।
281474976716957	हमनी क एक दूसरा से मीलनी जा ।
281474976723395	तू बस नंबर 65 ले सकेलऽ कस्बा जाए खातिर ।
281474976718304	हमरे घरे बहुत सारा पेड़ हऽ ।
281474976718912	फूल सुन्दर हऽ हऽ नऽ ।
281474976718909	उ खासत खासत मर गेल ।
281474976718772	हम कल पढ़े ना जाईब ।
281474976725765	उ लोग हमरा से प्रेम ला ।
281474976718913	सब लइकिन मे उ सबसे सुन्दर हऽ ।
281474976718940	हमार बहिनियो हमार बिसवास ना कइलेस ।
281474976722095	हमेश दौड़लन ।
281474976726266	गिनती भेद और सम्मान कऽ इज्जत करे ।
281474976723213	राधा हमके पैर से मार के भाग गईली ।
281474976723220	भागी जा ।
281474976718031	हम ओके एगो बच्चा देत हई ।
281474976716928	ऊ काल कुछु ना खईलस ।
281474976718155	उ दूध उध खरिदिहऽ ।
281474976718996	उ बिना कोइ के बतइले चल गइल हे ।
281474976725768	इ घर मे होई ।
281474976723442	अगिया बहुत तेज लहकल रहल हीयऽ ।
281474976719050	हमरे घरे मे बहुत सा पेड़ हऽ ।
281474976718371	उ घर बड़ हऽ ।
281474976725985	रमेश दौड़लस ।
281474976718161	उन लोगन के रस्सी से बाधं दऽ ।
281474976723451	मेज पर दुगो किताब बा ।
281474976717370	शायद उ काल सुबह जल्दी आवे ।
281474976725072	ऊ टीचर नईखन ।
281474976718270	महतो राधा से लम्हर हऽ ।
281474976723356	ऊ रोज बजारे जालन ।
281474976725851	बरखा हो रहल बा ।
281474976723256	सीता और राजा के लागल कि ऊ एक दूसरा से लड़ऽ तरन ।
281474976725856	तू ओकरा के बच्चा दे तरहऽ ।
281474976725956	उ केकर घर हऽ ।
281474976719101	महतो तैरा चल्लन ।
281474976717241	हम ओकरा के रोज कीताब देईं ना ।
281474976718094	हमके नाही लगत उ आई ।
281474976717318	उ धीरे चलेला ।
281474976723264	लईका शांति से सुतल बाड़न ।
281474976726462	घर घर जाके हमनी के जरौना बटोरनी जा ।
281474976726228	राधा अबे घर छोड़ के चल गईली ।
281474976717175	हमार बहीन स्कूल में बीया ।
281474976718062	राधा सिता से बोलनी कि राखी खुद के पसंद करेनी ।
281474976723294	ऊ तीनगो सूअर घर के पीछे रखेलन ।
281474976726415	ऊ रोजू बजार जालन ।
281474976723283	राधा चावल धीरे खा ।
281474976719059	उ रोज पढ़ऽ जाला ।
281474976717336	उ बहुते मधुर मय गायले ।
281474976717153	बरखा हो ता ।
281474976726251	काल ऊ आईल रहतन त हमनी के त्यौहार मनौले रहती जा ।
281474976717350	उ उस्कूल जाइल काहे छोड़ देलस ।
281474976725847	जा ।
281474976717082	ऊ बोल्लस की औरत जमीन पऽ सुतल बीया ।
281474976718318	हमरे दोस्त का बहिन बिमार हे ।
281474976718292	कल ए समय तक उ कलकत्ता पहुंच चुकल होई हऽ ।
281474976726250	हमरा लागता की ऊ ना अईहे ।
281474976725989	उ लोग के रस्सी से बांध दऽ ।
281474976725028	माई धीरे धीरे ।
281474976717430	तोहर घर कौन हऽ ।
281474976723330	का तू ओके देखले बाड़ऽ नाही ।
281474976726230	ऊ अबे मैदान में गईलं हऽ ।
281474976717024	हम रोज स्कूले जाईंना ।
281474976717549	हम जाइम जब माई आजाई ।
281474976723287	ऊ सुतल बाड़न ।
281474976718963	हमरा संगी का बहिन बिमार हऽ ।
281474976717326	सबे लड़कियन मे उ सबसे सुन्दर बिया ।
281474976725910	उ चल देले रहतन ।
281474976725051	अब तोहके हीले के नईखे ।
281474976726013	हमनि के अब बिसराम जन करे दऽ ।
281474976725928	उ एगो आदमी के देखलि हऽ ।
281474976726359	ऊ हमरा समाज के मुखिया हऊअन ।
281474976726226	कल 10:00 बजे सुबेरे ऊ एईजे रही हे ।
281474976717539	उ काल तक आपन काम समाप्त कर चुकल रहे ।
281474976726057	हमरा आम निमन लागेला ।
281474976718035	ओके अब घरे होई ।
281474976726100	हम लइकि के कोठरी साफ करवइनि ।
281474976726299	ऊ काल्हु के कुछु नईखन खईले ।
281474976725785	उ हियां नइखन ।
281474976717056	ऊ अब्बे स्कूल जा तीया ।
281474976717020	हम ओकरा के एगो किताब देत रहनी ।
281474976717366	लोग एइजा इक्ठ्ठा भइल बाड़न ।
281474976725130	ऊ हमरी संप्रदाय क मुखिया हऊअन ।
281474976725037	राधा औरी राजा एक दूसरे के देखत ।
281474976718316	हम खाना ना खाईब ।
281474976716988	का तू कालेज आ सकेलऽ ।
281474976719106	हम ओके घरे से बहरी लेके जाय चाह्त हइ सोमार के ।
281474976718760	हम बसे से आइब ।
281474976722103	तोहरा कै गो गाय चाहीं ।
281474976717390	उ अब स्कूल जात बिया ।
281474976723500	ऊ एगो मस्टराईन हई ।
281474976723505	ऊ हमार समाज के मुखिया हऊअन ।
281474976718847	पानी बरसत हऽ ।
281474976723463	का ई सही रही तोहरा खातिर ।
281474976723238	खुल के बतावऽ तनी हमके चाय नईखे पसंद ।
281474976723496	बाबूजी अपना लईकन खातिर खिलौना खरीदलन ।
281474976717509	हम काल उस्कूल ना जाइम ।
281474976716924	कौनो लईका ना आईल ।
281474976717333	जाईं ।
281474976725960	उ लोग सुतऽत रहे लोग ।
281474976717600	सबे लोग परिक्शा पास नइखे कइले ।
281474976718868	उनानऽ पढ़त जात हन ।
281474976718832	हमनि के लइनि के तार के जरुरत हऽ ।
281474976718845	भूखी के मारे हमार अतरी कुकुरात हऽ ।
281474976717548	तू अबे चावल खात बाड़े ।
281474976725975	ओ रोजी ना बजारे जालन ।
281474976726492	ना हम ना तू ई परेशानी के ठीक कऽ सकेनी जा ।
281474976717062	ऊ गेंद के मरलस ।
281474976723273	हर घरे में एगो कुक्कुर बा ।
281474976717400	के के जंगल जाई ।
281474976718890	टंकि मे पानी नाहि हऽ ।
281474976725904	उ लोग हमरा के आसिरवाद देलस ।
281474976719032	हमने रोज पढ़ऽ जाइला ।
281474976726087	उ रोजिना बाजार जाली ।
281474976726407	आपन खाना खाईला के बाद ऊ सुते चल गईलन ।
281474976718296	हमार माई धीरे धीरे खाना खाय ले ।
281474976718200	उ दुपहरिया मे जाई ।
281474976717477	उ छत पर भाग गइल ।
281474976725991	काल उ लोग चोर के पकड़ लेले रहे लोग ।
281474976716987	हम जाईब जब माई आ जाई ।
281474976718340	हम राती के चावल खाईब ।
281474976725898	हम लइकी के बढ़नि से कोठरिया साफ करेला कहनि ।
281474976725031	ईजा ना जा सकीला हम ओईजा ना जा सकीला ।
281474976726335	हम खाली भात खानी ।
281474976718164	उ कपड़ा धोअत रहनी ।
281474976717057	ऊ हाथी मारे क कोशिश करत रहे ।
281474976719073	कोई अपना तारीफ नहि करेला ।
281474976718274	का तू इहां आसकत हुआ ।
281474976719118	नदि मे पानी नहि हऽ ।
281474976725918	एगो बच्चा ना अइलस ।
281474976723364	कुर्सी लईका तुड़ले हऊअन ।
281474976717085	हमरा के केहु ना देखलस ।
281474976719022	हमने कहीं भी जा सकिला ।
281474976726306	हर आदमी के 10 रुपीया दे दऽ ।
281474976726036	तू ओकरा कल किताब देदेबऽ ।
281474976719047	उन्हाने रोज बजारी जालन ।
281474976718964	उ लोगन हमसे से प्यार करऽलन ।
281474976726374	ऊ एगो मास्टराईन हई ।
281474976719038	उ ओके किताब देला ।
281474976718853	ओनाहने दिल्ली जइहन ।
281474976718303	अब हमन के खाए के होई ।
281474976726327	का तू अबे आ सकेलऽ ।
281474976723339	हम काल ओके किताब देब ।
281474976725107	उनके किताब रोज देलऽ ।
281474976718315	उ छत पर भाज गइल ।
281474976718089	भगवान तोहार भला करें ।
281474976716921	सब केहू परीक्षा पास ना कईलस ।
281474976725864	केवाड़ी खोलऽ ।
281474976718902	हमार कपार पिरात हऽ ।
281474976723363	ऊ काल नगर गईल रहलन ।
281474976717194	का तू अब्बे आ सकेलऽ ।
281474976726475	हम सुबेरही से चावल बनौनी ।
281474976725044	जा सकीला हम कंही भी जा सकीला ।
281474976718953	हम हर दिनऽ चलत चलत थक गइल हई ।
281474976718293	तोके केतना गाय चाहीं ।
281474976717425	हम अपना के पसंद करिला उ अपना के पसंद करेले ।
281474976717434	हम चल नइखी पावत ।
281474976718911	तोके अइसे ना बतावे के चाही ।
281474976718009	टिटू खाना बनावत रहलन ।
281474976717240	चाय के पीयल जाओ ।
281474976719138	हमने एक दुसरे से मिलली ।
281474976725123	टंकी में पानी नईखे हो ।
281474976726134	ई खूब लाल हऽ ।
281474976716922	हमरा के भूख लागल बा ।
281474976717059	ऊ दिल्ली जईंहऽ सऽ ।
281474976717317	हम ओइजा ना जा सकत रहीं ।
281474976717113	ऊ काल नगर गईल रहे ।
281474976723488	हम ओकर कपार खच्च से काट दिहली ।
281474976725089	हम उनकर सर खच से काट दिहली ।
281474976725920	उ लोग दिल्ली जाई लोग ।
281474976726166	तू अंदर ना आवऽ ।
281474976718812	डेकैतवन घर जला देलन ।
281474976726302	उनकर नाम कृष्णा हऽ ।
281474976726154	हम कबो शराब ना लेनी ।
281474976725929	तू ओकरा के किताब दे तरऽ ।
281474976718012	ओकरे बिमारी के बारे मे कुछो नाहि करल जासकत हऽ ।
281474976718041	निकल्ले ।
281474976718922	राधा रमेश के संगे सहर गइलिन ।
281474976725111	ऊ लोग अपने अपने घरे चल गइले लोग ।
281474976723188	राधा अपनी खातिर एगो साड़ी खरीदली ह ।
281474976726252	सूरज पुरुब में उगे लन ।
281474976726030	उ खोखत खोखत मर गइल ।
281474976725763	मधु अपन बच्वन से बहुते प्रेम करेलि ।
281474976725820	उ काल कुछो नऽ खइलस ।
281474976726187	ऊ मर गईलन ।
281474976718286	हमहन सुबेरे चावल बनइलि जा ।
281474976717088	ऊ सीर्फ अपना परिवार खाति काम करऽ तीया ।
281474976718869	इ पटरा मोटा हऽ ।
281474976725769	उ भदाक से गिर गइल ।
281474976718355	उ बजार गयल हुअन ।
281474976725959	सूरज पूरब से उगेला ।
281474976726203	राजा अपनी मेहरारू को फूल दिहलन ।
281474976723336	ई बांस के रस्सी हऽ ।
281474976725788	हमर अगल बगल मे सब लोग बहुते निमन बा ।
281474976717480	आग बहुत्ते तेज लहकत रहे ।
281474976718203	उ उ उछर उछर के अपने घरे पहुंच गेल ।
281474976716906	बार बार ओकरा के भूत लऊकल ।
281474976723260	हम रोज स्कूले जाली ।
281474976722078	तू हमरा के साथ आवऽ तरऽ नऽ बा नऽ ।
281474976718764	हम लइकिया से काम वाली से घर साफ करवावे के बोल्ली ।
281474976717406	उ कपड़ा धोअत रहे ।
281474976718971	बार बार ओके भूत देखायल ।
281474976723493	मधु अपना बहीन से ज्यादा सुंदर बाड़ी ।
281474976718269	उ कल नगर गेयल रहल ।
281474976726164	ऊ घर पर बाड़न ।
281474976718230	आस पास और दूर दराज से सब लोग सबा बदे पहुचल रहनऽ ।
281474976723534	ऊ अबे घर पे होई ।
281474976723391	ऊ हंसत हंसत पागल हो गईली ।
281474976726064	कानून के ई आदेश देवे के चाहीं के दारू के मन्दिर मस्जिद और गिरजा घर के लगे ना पिये के चाहीं ।
281474976726356	ऊ तनीए देर पहीले भात खईलंऽ हऽ ।
281474976718943	ओनाह्ने अपन काम खतम नाइ कइलन ।
281474976722098	हमरा के भूख नइखे ।
281474976725963	टेबुल पे द गो किताब बाटे ।
281474976725952	उ दुपहरिया मे गाई ।
281474976726171	हम अभी तक नईखी खईले ।
281474976717627	तू ओकरा बच्चा देत बाड़े ।
281474976717226	मधु अपना बहन से ज्यादा सुंदर बीया ।
281474976726268	आग बहुत ढेर लहकल बा ।
281474976717265	हमरा के चाॅकलेट दऽ ।
281474976718010	आज बुनि पड़ी ।
281474976725882	तोहर नाम कोनची हऽ ।
281474976718967	का इ सहि रहि तोहरे बदे ।
281474976717568	का तू हमरा नइखस जानत ।
281474976726343	हाम स्कूले ना जाईब ।
281474976718785	उ हमसे प्यार करेलिन ।
281474976723201	हम रोज चावल खाईं ला ।
281474976718780	हमके जा दऽ ।
281474976717324	ई पटरा मोटा बा ।
281474976725836	उ कुदुक कुदुक के अपन घरे पहुंच गइल ।
281474976725134	पिछले सप्ताह ऊ दिल्ली पहुंच गईनऽ ।
281474976726244	का जाने काल ऊ सकराहे आ जाईहें ।
281474976726347	तू उनके रोज किताब देलऽ ।
281474976717221	दरवाजा खोलऽ ।
281474976717190	खराब मौसम की वजह से हमनी क गांवे ना जा पौनी जा ।
281474976717440	हमार घर मे बहुते सारा पेड़ बा ।
281474976718915	उ काल कुछ भी नहि खइलेस ।
281474976718159	उ हमन के आसिर्वाद देहलन ।
281474976726315	ऊ गेना के मरलन ।
281474976718079	हम गिर जइबी जब एकठऽ कार हमके टक्कर मरलस ।
281474976725057	ऊ जंगल में हऽ ।
281474976725949	हमरा पास पइसा ना रहित तऽ हम चल सकत रहिं ।
281474976717217	तू ओकरा के बच्चा दे तरऽ ।
281474976717306	हम खाना खात बानि ।
281474976718082	उ अब बात काटत हूं ।
281474976716918	लोग एईजा बटोराईल बा ।
281474976722092	हमर घर मे बहुत सारा पेड़ बा ।
281474976717140	हमके एक दरजन केरा दऽ ।
281474976725846	हम उहां ना जा सकनि ।
281474976718106	हम नाही खइले हो ।
281474976723492	हमरी लगे पैसा ना रहीत तऽ हम चल सकत रहनी हऽ ।
281474976717453	ए खाली आपन परिवार खातिर काम करत बिया ।
281474976726060	कलकत्ता मे देस के सबसे निमन मिठाई मिलेला ।
281474976716938	ऊ लोग अपनी बारे में हमके बतौलस ।
281474976725073	तू काल नगर गईलऽ ।
281474976726323	ऊ हंसत हंसत पागल हो गईल रहली ।
281474976723190	खईला की बाद सुतिहऽ ।
281474976723343	ऊ सायदे कल अईहन ।
281474976723235	हम ओके काल लईका देब ।
281474976723230	हम चाहतनी कि तू एगो अच्छा इंसान बनऽ ।
281474976719114	उ फुटबौल रज खेलाला ।
281474976725058	ऊ सूतत बानऽ ।
281474976725891	उ लोग आपन आपन गउआं चल गइल लोग ।
281474976719077	राधा गावं मे कहीं नहि हऽ ।
281474976718086	कानून आदेस दे कि सराब के मन्दिर मसजिद चर्च के पास नाही पियल जाय के चाहीं ।
281474976723240	हम कहींयो जा सकेनी ।
281474976726181	ऊ बहुत अच्छा गावेली ।
281474976725135	ऊ घर में नईखन ।
281474976726388	ऊ धांए दे गिर गईलन ।
281474976717394	हम काल ओकरा बच्चा देम ।
281474976718842	हमके जाये दऽ ।
281474976726259	सूरज पुरब में ऊगे लन ।
281474976726133	ऊ घर में सोईहंऽ ।
281474976725946	तू अपन काम नइखऽ कइले ।
281474976718925	उ घर बड़ा हऽ ।
281474976726128	अब हम बाजार जाईब ।
281474976718154	उ हीआ न हुंअऽ ।
281474976726184	मधू अपनी बहीनीया से बहुत सुंदर हऽई ।
281474976719009	सुरुज पुरब से उगऽला ।
281474976718783	राधा हमके लाती से मर्लिन अऽ भाग गइलिन ।
281474976718092	उ नीच्चे गिर गयल ।
281474976717122	हम ना खईले होखब ।
281474976725935	उ लोग अपना बारे मे हमरा बतवलस ।
281474976719100	उ जंगल मे हऽ ।
281474976717141	किसान कुदार ऊड़ाल ले के खेत में जात रहनऽ सऽ ।
281474976725809	सब लड़कियन मे उ सबसे सुन्दर बिया ।
281474976726220	हम ऊनके घर से बहरी ले जाईल चाहऽ तनी सोमार के ।
281474976726422	हम काल दार्जीलिंग जाईब ।
281474976719018	उ पथ्थर तोर देलेस ।
281474976718127	अभहन तोहके परेसान नहि करल जी ।
281474976717433	कुत्ता भोकत बाड़ऽ सन ।
281474976717127	ऊ सुतऽ ता ।
281474976723399	ऊ घरे गईल होई ।
281474976718854	मधू अपने बहिन से जादा सुन्दर हईन ।
281474976726076	महतो तैरे चल गइल ।
281474976717533	हम ओकरा से कांच तोड़वइनी ।
281474976717482	उ ओकरा किताब देवेला ।
281474976717519	जो और देख ।
281474976717216	ऊ जंगल में बा ।
281474976717157	ऊ धीरे चलेला ।
281474976723270	ऊ मास्टर ना हऊअन ।
281474976726041	उ घरे मे रहे ।
281474976718811	हम आज राती के शहर जाय चाह्त हईं ।
281474976719052	खुल के कहिं तऽ हमके चाय ना पसंद हऽ ।
281474976719049	उ हाथी मारऽ कऽ कोसिस केलेस ।
281474976726094	पिछिलका हफ्ता उ दिल्ली जा चुकल बाड़े ।
281474976719123	हम लइकी से झाड़ू से घर साफ करवइली ।
281474976723425	राधा रमेश कि संगे शहर गईली ।
281474976719008	सभन पास नहि भइलन ।
281474976726175	तू अब मत जा ।
281474976717135	राधा हमरा के पैर से मरलस और भाग गईल ।
281474976716917	हम गा सकीना ।
281474976717377	राधा उतने अच्छा बिया जितना रूबी ।
281474976718354	उ कल कलकत्ता जात हइन ।
281474976717242	लईका जल्दी जल्दी चलत रहे ।
281474976718345	हम ओके एक बच्चा देत हई ।
281474976717132	हम तेजी से भगनी ।
281474976723445	हम गा सकीला ।
281474976717156	हम ओकरा के एगो बच्चा दे तनी ।
281474976717630	हम गा सकिला ।
281474976718314	हम जानिला कि कल छुट्टी हऽ ।
281474976716976	कौनो अपन तारीफ ना करेला ।
281474976723328	ऊ छत पर भाग गईलीं ।
281474976718078	हमरे गोल मे तू सबसे अचछा इंसान हुआ ।
281474976717181	राजीव टोटो सबसे लामहर बा ।
281474976717316	ओकर नाम क्रिश्ना हऽ ।
281474976718947	उन्हन सुतल रहलन ।
281474976726419	राधा के कारण ऊ मर गईलन ।
281474976717594	छत से हर हर पानी गिरत बा ।
281474976718827	तू अब ना जा सकऽ ।
281474976725115	काल ऊ रात में चावल खईहन ।
281474976723490	डाकू घर के जला दिहलन ।
281474976723374	ओकरी बीमारी के बारे में कुछ ना कईल जा सकेला ।
281474976726248	हमनी के लाइन के तार के काम बा ।
281474976716953	ऊ तनी देर पहीलवा चावल खईलस ह ।
281474976718093	टीटो राधा के सुतइलस ।
281474976718894	हम खाना खात हइ ।
281474976718273	हमान अब एकठे मेला मे जात हइ जा ।
281474976717609	उ कलकत्ता से आई ।
281474976717010	ऊ तीन गो सुअर घर की पीछे रखे ला ।
281474976717506	हम ओकरा एगो किताब देत बानि ।
281474976717223	सूर्य पूरब से ऊगे ला ।
281474976725124	ऊ उनके एगो बच्चा देत रहलऽ हंऽ ।
281474976723528	तू भांड़ में जा ।
281474976725758	उ केहु के बिना बितावले चल गइल ।
281474976717092	ओकरा के बेमारी के बारे में कुछ ना कईल जा सकेला ।
281474976725982	भार मे जा तू ।
281474976723444	हम कल खाना ना खइले रहलीं ।
281474976718979	उ ओके एक बच्चा देला ।
281474976717332	हमनी के जाय दऽ अउर चाय पियऽ ।
281474976719055	हम ना खइलि हऽ ।
281474976718789	अब हमनि के खाये के होई ।
281474976718984	नदि मे पानी ना हऽ ।
281474976717396	हम खाली चावल खाइला ।
281474976716950	सब केहु पास ना भईल ।
281474976717476	हम अबे तक ना खइले रहीं ।
281474976726008	हम एतवार के कलकत्ता जाएम ।
281474976726352	हमसे बिना पूछले भीतर मत अईहऽ ।
281474976718804	अमित दौड़लन ।
281474976716934	ऊ एगो अध्यापिका रहे ।
281474976717462	उ लोग आपन बारे मे हमरा के बतइलन ।
281474976718142	अगर बारिस होई तऽ हम चिकन बनाइब ।
281474976717616	उ लोग आपन आपन गांव चल गइल ।
281474976717319	उ हाथी मारे के कोसिस कइलस ।
281474976717502	हम रोजे चावल खाइला ।
281474976717327	कुछ लइका कक्शा मे ना अइलऽ सन ।
281474976719108	रध्वो उतना नीक हऽ जेतना रूबी ।
281474976718100	हम खुत के पसंद करिला उ खुद के पसंद करेली ।
281474976717604	उ खाना खालेले बा ।
281474976717444	उ बजारे जईल बाड़न ।
281474976723473	ऊ एगो आदमी के देखली ।
281474976717109	महतो राधा से लंबा बा ।
281474976726295	हम लईकी के झाड़ू दे के घर झड़वौनी ।
281474976726182	हम चांहऽ तनी की ऊ रोज खेत जास ।
281474976725132	ऊ स्कूले जात रहनन जा सब ।
281474976726165	तू भांड़ में नऽ जा ।
281474976723523	ऊ दोपहरीया में गाई ।
281474976726408	सीता और राजा के बुझाइल की आपस में लड़त रहलंऽ लोग ।
281474976718074	उ कल सहर गयल ।
281474976726197	ऊ घर में बाड़न ।
281474976717328	उ घरे बा ।
281474976717493	कृप्या किवाड़ खोलऽ ।
281474976717299	ओकरा जाये दऽ ।
281474976717499	उ आइल बइठल खाइल अउर चल गइल ।
281474976718268	तनि चाय वाय लेहीं ।
